G_ID,GDAY_DS,T_ID,VS_T_ID,TB_SC,WLS,INN2,BF,AB,HIT,H2,H3,HR,SB,BB,KK,GD,R,ER
20200721HHHT0,20200721,HH,HT,B,L,27.0,222.0,41.0,16.0,2.0,0.0,2.0,0.0,9.0,8.0,2.0,10.0,9.0
20200722HHHT0,20200722,HH,HT,B,L,27.0,148.0,30.0,5.0,0.0,0.0,0.0,0.0,4.0,10.0,0.0,2.0,2.0
20200724HHSK0,20200724,HH,SK,B,L,27.0,165.0,34.0,8.0,1.0,0.0,3.0,1.0,5.0,13.0,0.0,7.0,7.0
20200726HHSK0,20200726,HH,SK,B,L,27.0,180.0,35.0,10.0,2.0,0.0,0.0,1.0,7.0,5.0,1.0,7.0,7.0
20200727HHSK0,20200727,HH,SK,B,D,27.0,138.0,32.0,10.0,3.0,0.0,1.0,1.0,4.0,5.0,3.0,5.0,5.0
20200729HHSS0,20200729,HH,SS,T,W,27.0,195.0,34.0,9.0,1.0,0.0,2.0,1.0,10.0,7.0,1.0,7.0,7.0
20200730HHSS0,20200730,HH,SS,T,L,33.0,196.0,36.0,6.0,2.0,0.0,0.0,3.0,8.0,12.0,0.0,2.0,1.0
20200731HHLG0,20200731,HH,LG,T,W,27.0,136.0,29.0,4.0,2.0,0.0,0.0,0.0,2.0,9.0,0.0,1.0,1.0
20200801HHLG0,20200801,HH,LG,T,L,24.0,161.0,39.0,15.0,3.0,0.0,0.0,0.0,2.0,7.0,0.0,9.0,7.0
20200805HHNC0,20200805,HH,NC,B,W,27.0,164.0,30.0,6.0,0.0,1.0,0.0,0.0,11.0,4.0,1.0,5.0,5.0
20200806HHNC0,20200806,HH,NC,B,L,27.0,173.0,32.0,8.0,1.0,0.0,2.0,0.0,7.0,4.0,1.0,4.0,4.0
20200809HHKT0,20200809,HH,KT,B,L,27.0,181.0,37.0,12.0,5.0,0.0,1.0,0.0,5.0,9.0,1.0,6.0,6.0
20200811HHWO0,20200811,HH,WO,T,W,36.0,235.0,45.0,12.0,1.0,0.0,1.0,2.0,8.0,13.0,0.0,5.0,4.0
20200812HHWO0,20200812,HH,WO,T,L,27.0,153.0,30.0,9.0,2.0,0.0,1.0,1.0,7.0,3.0,3.0,3.0,3.0
20200813HHWO0,20200813,HH,WO,T,L,24.0,125.0,31.0,11.0,1.0,1.0,1.0,1.0,3.0,4.0,1.0,6.0,6.0
20200814HHSS0,20200814,HH,SS,B,L,27.0,186.0,41.0,15.0,4.0,0.0,1.0,2.0,3.0,6.0,1.0,10.0,10.0
20200815HHSS0,20200815,HH,SS,B,L,27.0,153.0,29.0,3.0,0.0,0.0,1.0,0.0,4.0,11.0,0.0,2.0,2.0
20200816HHSS0,20200816,HH,SS,B,W,27.0,134.0,32.0,5.0,1.0,0.0,2.0,1.0,2.0,9.0,0.0,2.0,2.0
20200818HHSK0,20200818,HH,SK,T,L,24.0,146.0,31.0,8.0,2.0,0.0,2.0,0.0,7.0,4.0,0.0,9.0,4.0
20200819HHSK0,20200819,HH,SK,T,L,24.0,210.0,46.0,22.0,4.0,0.0,6.0,0.0,11.0,4.0,0.0,26.0,22.0
20200820HHKT0,20200820,HH,KT,B,L,27.0,144.0,31.0,6.0,0.0,0.0,1.0,3.0,4.0,5.0,1.0,3.0,3.0
20200821HHKT0,20200821,HH,KT,B,W,27.0,156.0,30.0,4.0,0.0,0.0,1.0,0.0,5.0,12.0,1.0,1.0,1.0
20200823HHLG0,20200823,HH,LG,T,W,27.0,159.0,30.0,6.0,1.0,0.0,0.0,0.0,7.0,8.0,3.0,3.0,3.0
20200824HHLG0,20200824,HH,LG,T,W,27.0,158.0,32.0,5.0,1.0,0.0,0.0,1.0,5.0,6.0,1.0,3.0,2.0
20200825HHNC0,20200825,HH,NC,T,L,24.0,150.0,38.0,15.0,3.0,0.0,6.0,1.0,2.0,7.0,0.0,11.0,11.0
20200826HHNC0,20200826,HH,NC,T,L,24.0,150.0,36.0,11.0,2.0,0.0,2.0,1.0,4.0,6.0,1.0,9.0,6.0
20200827HHSS0,20200827,HH,SS,B,W,27.0,128.0,32.0,8.0,0.0,0.0,0.0,1.0,1.0,6.0,1.0,0.0,0.0
20200829HHLT0,20200829,HH,LT,T,L,24.0,135.0,33.0,11.0,3.0,0.0,4.0,1.0,6.0,5.0,1.0,9.0,9.0
20200830HHLT0,20200830,HH,LT,T,L,24.0,145.0,34.0,10.0,3.0,0.0,0.0,2.0,3.0,6.0,1.0,6.0,2.0
20200901HHOB0,20200901,HH,OB,T,L,24.0,137.0,33.0,10.0,2.0,0.0,0.0,1.0,2.0,5.0,1.0,4.0,3.0
20200903HHWO0,20200903,HH,WO,B,L,27.0,168.0,34.0,9.0,0.0,0.0,1.0,2.0,5.0,8.0,0.0,6.0,6.0
20200904HHWO0,20200904,HH,WO,B,W,27.0,147.0,32.0,6.0,1.0,0.0,0.0,2.0,4.0,8.0,0.0,1.0,1.0
20200905HHHT0,20200905,HH,HT,B,L,27.0,156.0,36.0,13.0,4.0,0.0,0.0,0.0,6.0,5.0,1.0,5.0,5.0
20200906HHHT0,20200906,HH,HT,B,L,27.0,167.0,35.0,10.0,5.0,0.0,1.0,0.0,4.0,9.0,0.0,8.0,7.0
20200908HHSS0,20200908,HH,SS,T,W,30.0,173.0,36.0,7.0,1.0,0.0,0.0,2.0,3.0,6.0,0.0,2.0,2.0
20200909HHSS1,20200909,HH,SS,T,W,27.0,127.0,31.0,3.0,0.0,0.0,0.0,0.0,4.0,4.0,0.0,0.0,0.0
20200909HHSS0,20200909,HH,SS,T,D,27.0,163.0,31.0,7.0,0.0,0.0,1.0,2.0,4.0,11.0,0.0,4.0,4.0
20200910HHSK0,20200910,HH,SK,B,L,27.0,153.0,36.0,9.0,1.0,0.0,1.0,1.0,5.0,5.0,0.0,5.0,5.0
20200911HHSK0,20200911,HH,SK,B,L,27.0,139.0,33.0,8.0,3.0,0.0,0.0,0.0,2.0,5.0,0.0,4.0,3.0
20200912HHKT0,20200912,HH,KT,T,L,24.0,160.0,31.0,9.0,1.0,0.0,0.0,3.0,6.0,3.0,0.0,5.0,5.0
20200913HHKT0,20200913,HH,KT,T,L,27.0,154.0,33.0,12.0,1.0,0.0,0.0,0.0,3.0,11.0,2.0,5.0,5.0
20200915HHLG0,20200915,HH,LG,B,W,30.0,185.0,39.0,8.0,2.0,0.0,1.0,3.0,3.0,14.0,0.0,5.0,4.0
20200916HHLG0,20200916,HH,LG,B,L,27.0,162.0,40.0,15.0,8.0,0.0,0.0,0.0,6.0,5.0,2.0,11.0,10.0
20200917HHWO0,20200917,HH,WO,T,L,24.0,152.0,26.0,4.0,2.0,0.0,0.0,0.0,8.0,9.0,1.0,5.0,5.0
20200918HHWO0,20200918,HH,WO,T,W,27.0,135.0,31.0,4.0,2.0,0.0,0.0,1.0,3.0,9.0,0.0,0.0,0.0
20200919HHHT0,20200919,HH,HT,T,L,24.0,151.0,29.0,10.0,2.0,0.0,0.0,1.0,4.0,4.0,0.0,8.0,6.0
20200920HHHT0,20200920,HH,HT,T,W,27.0,157.0,33.0,9.0,1.0,0.0,1.0,0.0,4.0,7.0,1.0,3.0,3.0
20200922HHOB0,20200922,HH,OB,B,W,27.0,125.0,29.0,6.0,0.0,0.0,1.0,0.0,4.0,5.0,3.0,1.0,1.0
20200923HHOB0,20200923,HH,OB,B,W,27.0,165.0,37.0,11.0,5.0,0.0,0.0,0.0,5.0,6.0,0.0,5.0,5.0
20200721HTHH0,20200721,HT,HH,T,W,27.0,133.0,29.0,3.0,0.0,0.0,1.0,0.0,3.0,7.0,1.0,2.0,2.0
20200722HTHH0,20200722,HT,HH,T,W,27.0,153.0,29.0,4.0,1.0,0.0,0.0,0.0,5.0,14.0,1.0,1.0,1.0
20200725HTSS0,20200725,HT,SS,B,W,27.0,173.0,32.0,7.0,1.0,0.0,0.0,1.0,6.0,10.0,0.0,2.0,2.0
20200726HTSS0,20200726,HT,SS,B,W,27.0,157.0,36.0,12.0,4.0,0.0,1.0,1.0,4.0,4.0,0.0,5.0,5.0
20200730HTKT0,20200730,HT,KT,B,L,27.0,142.0,31.0,11.0,2.0,0.0,0.0,1.0,5.0,6.0,1.0,4.0,4.0
20200731HTLT0,20200731,HT,LT,T,W,27.0,130.0,33.0,6.0,2.0,0.0,0.0,0.0,3.0,5.0,3.0,2.0,1.0
20200801HTLT0,20200801,HT,LT,T,L,24.0,134.0,31.0,10.0,3.0,0.0,2.0,0.0,5.0,3.0,2.0,7.0,6.0
20200802HTLT0,20200802,HT,LT,T,L,24.0,161.0,34.0,11.0,4.0,0.0,0.0,0.0,4.0,6.0,2.0,8.0,7.0
20200804HTLG0,20200804,HT,LG,B,L,27.0,184.0,41.0,16.0,1.0,2.0,3.0,0.0,6.0,9.0,1.0,15.0,15.0
20200805HTLG0,20200805,HT,LG,B,L,27.0,161.0,35.0,11.0,3.0,0.0,2.0,0.0,5.0,10.0,2.0,6.0,6.0
20200806HTLG0,20200806,HT,LG,B,W,27.0,110.0,28.0,4.0,0.0,0.0,0.0,0.0,1.0,7.0,0.0,1.0,1.0
20200808HTNC0,20200808,HT,NC,B,W,27.0,160.0,31.0,6.0,1.0,2.0,0.0,2.0,9.0,6.0,1.0,2.0,2.0
20200809HTNC0,20200809,HT,NC,B,L,27.0,205.0,39.0,14.0,2.0,1.0,1.0,0.0,6.0,8.0,2.0,8.0,8.0
20200811HTLG0,20200811,HT,LG,T,W,27.0,157.0,36.0,9.0,2.0,0.0,1.0,0.0,1.0,11.0,0.0,4.0,4.0
20200812HTLG0,20200812,HT,LG,T,L,24.0,140.0,34.0,12.0,5.0,0.0,0.0,1.0,3.0,9.0,2.0,8.0,8.0
20200813HTLG0,20200813,HT,LG,T,L,24.0,127.0,29.0,8.0,1.0,0.0,2.0,0.0,5.0,6.0,0.0,4.0,4.0
20200814HTSK0,20200814,HT,SK,B,W,27.0,167.0,31.0,12.0,1.0,0.0,0.0,3.0,9.0,6.0,2.0,6.0,6.0
20200815HTSK0,20200815,HT,SK,B,W,27.0,137.0,33.0,9.0,2.0,0.0,0.0,0.0,3.0,1.0,2.0,3.0,3.0
20200816HTSK0,20200816,HT,SK,B,W,27.0,179.0,34.0,7.0,2.0,0.0,0.0,0.0,7.0,13.0,0.0,5.0,5.0
20200818HTLG0,20200818,HT,LG,T,L,27.0,170.0,37.0,12.0,1.0,0.0,2.0,1.0,2.0,13.0,2.0,6.0,5.0
20200819HTLG0,20200819,HT,LG,T,L,24.0,195.0,34.0,12.0,2.0,2.0,1.0,1.0,10.0,3.0,2.0,10.0,9.0
20200820HTNC0,20200820,HT,NC,B,L,27.0,170.0,45.0,21.0,3.0,0.0,1.0,3.0,3.0,6.0,0.0,14.0,14.0
20200821HTNC0,20200821,HT,NC,B,L,27.0,149.0,38.0,10.0,5.0,0.0,1.0,0.0,4.0,10.0,0.0,10.0,6.0
20200822HTWO0,20200822,HT,WO,T,L,24.0,144.0,32.0,10.0,1.0,0.0,1.0,1.0,5.0,6.0,2.0,4.0,4.0
20200823HTWO0,20200823,HT,WO,T,W,27.0,163.0,37.0,13.0,2.0,1.0,0.0,1.0,3.0,9.0,1.0,7.0,7.0
20200825HTOB0,20200825,HT,OB,T,L,24.0,174.0,37.0,15.0,1.0,0.0,3.0,0.0,5.0,2.0,1.0,10.0,8.0
20200826HTOB0,20200826,HT,OB,T,W,27.0,172.0,35.0,11.0,1.0,0.0,1.0,0.0,6.0,8.0,1.0,5.0,4.0
20200827HTSK0,20200827,HT,SK,T,L,24.0,140.0,36.0,14.0,4.0,0.0,2.0,1.0,3.0,6.0,0.0,10.0,5.0
20200828HTSK0,20200828,HT,SK,T,W,27.0,180.0,33.0,11.0,2.0,2.0,1.0,0.0,9.0,10.0,2.0,8.0,7.0
20200830HTKT1,20200830,HT,KT,B,W,27.0,162.0,37.0,10.0,1.0,1.0,1.0,1.0,3.0,10.0,0.0,5.0,4.0
20200830HTKT0,20200830,HT,KT,B,L,27.0,177.0,34.0,7.0,2.0,0.0,1.0,0.0,11.0,7.0,0.0,8.0,7.0
20200901HTSS0,20200901,HT,SS,B,W,27.0,121.0,30.0,4.0,0.0,0.0,0.0,0.0,1.0,5.0,2.0,0.0,0.0
20200903HTLT0,20200903,HT,LT,T,W,27.0,129.0,30.0,5.0,2.0,0.0,0.0,1.0,3.0,6.0,1.0,3.0,3.0
20200904HTLT0,20200904,HT,LT,T,W,27.0,158.0,29.0,5.0,0.0,0.0,0.0,0.0,6.0,10.0,2.0,3.0,3.0
20200904HTLT1,20200904,HT,LT,T,L,24.0,146.0,34.0,14.0,0.0,0.0,2.0,1.0,3.0,4.0,3.0,9.0,9.0
20200905HTHH0,20200905,HT,HH,T,W,27.0,141.0,33.0,8.0,2.0,0.0,1.0,0.0,3.0,11.0,1.0,4.0,4.0
20200906HTHH0,20200906,HT,HH,T,W,27.0,148.0,36.0,10.0,1.0,0.0,2.0,0.0,0.0,13.0,0.0,4.0,4.0
20200908HTLG0,20200908,HT,LG,B,W,27.0,160.0,35.0,11.0,3.0,1.0,0.0,0.0,8.0,3.0,2.0,2.0,2.0
20200910HTOB0,20200910,HT,OB,B,L,27.0,174.0,36.0,9.0,0.0,0.0,0.0,2.0,6.0,9.0,0.0,5.0,5.0
20200912HTNC0,20200912,HT,NC,T,W,27.0,155.0,32.0,6.0,1.0,0.0,1.0,1.0,3.0,7.0,0.0,3.0,3.0
20200913HTNC0,20200913,HT,NC,T,W,27.0,156.0,32.0,8.0,0.0,0.0,0.0,3.0,6.0,6.0,0.0,3.0,3.0
20200915HTSK0,20200915,HT,SK,B,L,27.0,190.0,40.0,17.0,1.0,0.0,2.0,3.0,10.0,5.0,3.0,16.0,15.0
20200916HTSK0,20200916,HT,SK,B,L,27.0,193.0,37.0,11.0,4.0,0.0,0.0,0.0,8.0,5.0,1.0,7.0,5.0
20200917HTSS0,20200917,HT,SS,T,W,27.0,153.0,33.0,7.0,0.0,0.0,0.0,0.0,3.0,11.0,0.0,2.0,2.0
20200918HTSS0,20200918,HT,SS,T,W,27.0,155.0,35.0,9.0,2.0,0.0,0.0,0.0,4.0,9.0,1.0,5.0,3.0
20200919HTHH0,20200919,HT,HH,B,W,27.0,108.0,31.0,5.0,0.0,0.0,0.0,0.0,0.0,11.0,0.0,0.0,0.0
20200920HTHH0,20200920,HT,HH,B,L,27.0,217.0,40.0,16.0,4.0,0.0,1.0,0.0,8.0,10.0,0.0,11.0,11.0
20200922HTWO0,20200922,HT,WO,B,L,27.0,131.0,32.0,5.0,1.0,0.0,0.0,0.0,3.0,3.0,0.0,2.0,1.0
20200923HTWO0,20200923,HT,WO,B,L,27.0,159.0,42.0,17.0,3.0,2.0,2.0,0.0,5.0,6.0,1.0,13.0,13.0
20200721KTLG0,20200721,KT,LG,B,W,27.0,168.0,38.0,13.0,4.0,0.0,2.0,0.0,6.0,7.0,1.0,9.0,9.0
20200724KTNC0,20200724,KT,NC,B,L,27.0,152.0,32.0,7.0,2.0,0.0,1.0,1.0,3.0,11.0,0.0,3.0,3.0
20200725KTNC0,20200725,KT,NC,B,W,27.0,150.0,31.0,6.0,0.0,0.0,0.0,0.0,4.0,3.0,0.0,2.0,2.0
20200726KTNC0,20200726,KT,NC,B,W,27.0,123.0,32.0,7.0,1.0,0.0,2.0,1.0,1.0,7.0,1.0,4.0,4.0
20200730KTHT0,20200730,KT,HT,T,W,27.0,136.0,33.0,8.0,3.0,0.0,0.0,0.0,2.0,8.0,1.0,1.0,1.0
20200731KTSK0,20200731,KT,SK,B,W,27.0,148.0,31.0,4.0,0.0,0.0,1.0,0.0,5.0,5.0,1.0,1.0,1.0
20200801KTSK0,20200801,KT,SK,B,W,27.0,135.0,32.0,6.0,1.0,0.0,0.0,0.0,2.0,5.0,1.0,0.0,0.0
20200804KTWO0,20200804,KT,WO,T,W,27.0,154.0,34.0,10.0,0.0,0.0,1.0,0.0,3.0,7.0,2.0,2.0,2.0
20200805KTWO0,20200805,KT,WO,T,L,24.0,183.0,40.0,15.0,2.0,0.0,1.0,0.0,6.0,7.0,0.0,12.0,7.0
20200806KTWO0,20200806,KT,WO,T,L,24.0,139.0,28.0,7.0,2.0,0.0,1.0,1.0,5.0,4.0,1.0,3.0,3.0
20200809KTHH0,20200809,KT,HH,T,W,27.0,170.0,34.0,8.0,1.0,0.0,1.0,0.0,3.0,12.0,1.0,3.0,2.0
20200811KTSK0,20200811,KT,SK,B,W,27.0,139.0,30.0,4.0,0.0,0.0,0.0,0.0,4.0,8.0,2.0,1.0,0.0
20200812KTSK0,20200812,KT,SK,B,L,27.0,177.0,36.0,12.0,3.0,0.0,1.0,1.0,10.0,5.0,1.0,11.0,11.0
20200813KTSK0,20200813,KT,SK,B,L,27.0,154.0,41.0,16.0,1.0,0.0,1.0,0.0,4.0,5.0,0.0,10.0,9.0
20200814KTOB0,20200814,KT,OB,T,W,36.0,213.0,45.0,10.0,0.0,0.0,2.0,2.0,8.0,9.0,1.0,3.0,3.0
20200815KTOB0,20200815,KT,OB,T,L,27.0,145.0,38.0,13.0,1.0,0.0,1.0,3.0,3.0,3.0,1.0,7.0,4.0
20200816KTOB0,20200816,KT,OB,T,W,27.0,140.0,28.0,3.0,1.0,0.0,0.0,1.0,7.0,6.0,2.0,1.0,1.0
20200818KTSS0,20200818,KT,SS,T,W,27.0,138.0,32.0,6.0,3.0,0.0,0.0,0.0,4.0,6.0,1.0,3.0,2.0
20200819KTSS0,20200819,KT,SS,T,W,27.0,122.0,34.0,11.0,0.0,0.0,0.0,0.0,2.0,7.0,3.0,4.0,4.0
20200820KTHH0,20200820,KT,HH,T,W,27.0,130.0,29.0,2.0,0.0,0.0,0.0,0.0,5.0,9.0,0.0,0.0,0.0
20200821KTHH0,20200821,KT,HH,T,L,24.0,136.0,35.0,11.0,2.0,0.0,1.0,0.0,2.0,6.0,1.0,5.0,5.0
20200823KTNC0,20200823,KT,NC,B,W,27.0,150.0,35.0,9.0,2.0,0.0,0.0,0.0,5.0,7.0,1.0,1.0,1.0
20200824KTNC0,20200824,KT,NC,B,W,27.0,139.0,34.0,8.0,0.0,0.0,0.0,1.0,3.0,4.0,1.0,1.0,1.0
20200825KTWO0,20200825,KT,WO,B,L,27.0,167.0,36.0,10.0,0.0,0.0,0.0,2.0,7.0,6.0,0.0,4.0,3.0
20200826KTWO0,20200826,KT,WO,B,W,30.0,153.0,36.0,8.0,0.0,1.0,2.0,1.0,3.0,6.0,1.0,5.0,5.0
20200827KTLG0,20200827,KT,LG,T,L,24.0,122.0,29.0,6.0,0.0,1.0,0.0,1.0,2.0,7.0,1.0,2.0,1.0
20200828KTLG0,20200828,KT,LG,T,L,33.0,177.0,40.0,12.0,3.0,0.0,0.0,0.0,5.0,6.0,2.0,6.0,6.0
20200830KTHT0,20200830,KT,HT,T,W,27.0,149.0,33.0,10.0,1.0,0.0,0.0,0.0,4.0,8.0,1.0,5.0,5.0
20200830KTHT1,20200830,KT,HT,T,L,24.0,126.0,34.0,10.0,2.0,0.0,1.0,1.0,4.0,1.0,1.0,7.0,4.0
20200901KTLT0,20200901,KT,LT,B,W,27.0,153.0,29.0,6.0,1.0,0.0,0.0,0.0,6.0,3.0,2.0,2.0,2.0
20200903KTSK0,20200903,KT,SK,B,W,27.0,126.0,32.0,8.0,1.0,0.0,0.0,1.0,5.0,2.0,2.0,2.0,2.0
20200904KTSK0,20200904,KT,SK,B,W,27.0,121.0,32.0,5.0,0.0,0.0,1.0,0.0,3.0,6.0,0.0,2.0,2.0
20200904KTSK1,20200904,KT,SK,B,W,27.0,119.0,34.0,10.0,2.0,0.0,2.0,0.0,0.0,6.0,0.0,5.0,5.0
20200905KTWO0,20200905,KT,WO,T,W,27.0,120.0,32.0,5.0,1.0,0.0,0.0,0.0,0.0,7.0,0.0,1.0,1.0
20200906KTWO0,20200906,KT,WO,T,W,27.0,167.0,34.0,9.0,2.0,0.0,2.0,0.0,4.0,10.0,1.0,7.0,7.0
20200908KTOB0,20200908,KT,OB,T,L,24.0,132.0,36.0,12.0,7.0,0.0,1.0,0.0,3.0,5.0,0.0,8.0,8.0
20200909KTOB0,20200909,KT,OB,T,W,33.0,161.0,41.0,10.0,2.0,0.0,0.0,1.0,3.0,6.0,0.0,2.0,2.0
20200910KTNC0,20200910,KT,NC,T,L,24.0,176.0,36.0,13.0,3.0,0.0,3.0,0.0,9.0,4.0,0.0,13.0,12.0
20200911KTNC0,20200911,KT,NC,T,L,24.0,154.0,37.0,13.0,4.0,0.0,3.0,2.0,3.0,7.0,0.0,9.0,9.0
20200912KTHH0,20200912,KT,HH,B,W,27.0,126.0,35.0,7.0,0.0,0.0,0.0,1.0,1.0,10.0,0.0,2.0,2.0
20200913KTHH0,20200913,KT,HH,B,W,27.0,167.0,30.0,6.0,1.0,0.0,0.0,2.0,7.0,6.0,0.0,4.0,3.0
20200915KTSS0,20200915,KT,SS,B,L,27.0,137.0,37.0,14.0,1.0,0.0,1.0,0.0,4.0,1.0,2.0,7.0,6.0
20200916KTSS0,20200916,KT,SS,B,W,27.0,171.0,39.0,14.0,1.0,0.0,0.0,0.0,6.0,4.0,1.0,6.0,6.0
20200917KTOB0,20200917,KT,OB,B,W,27.0,105.0,33.0,6.0,0.0,0.0,0.0,0.0,0.0,5.0,2.0,0.0,0.0
20200918KTOB0,20200918,KT,OB,B,W,33.0,159.0,41.0,11.0,1.0,0.0,1.0,0.0,2.0,4.0,1.0,4.0,3.0
20200919KTSK0,20200919,KT,SK,T,W,27.0,138.0,30.0,3.0,0.0,0.0,0.0,0.0,4.0,6.0,1.0,0.0,0.0
20200920KTSK0,20200920,KT,SK,T,W,27.0,141.0,28.0,3.0,1.0,0.0,0.0,0.0,3.0,4.0,3.0,2.0,1.0
20200922KTLT0,20200922,KT,LT,T,L,24.0,130.0,31.0,10.0,0.0,0.0,2.0,1.0,5.0,5.0,2.0,8.0,8.0
20200923KTLT0,20200923,KT,LT,T,W,27.0,170.0,33.0,9.0,1.0,0.0,1.0,0.0,8.0,7.0,3.0,5.0,5.0
20200721LGKT0,20200721,LG,KT,T,L,24.0,150.0,34.0,12.0,0.0,0.0,3.0,1.0,4.0,7.0,1.0,10.0,10.0
20200724LGOB0,20200724,LG,OB,T,W,27.0,134.0,31.0,8.0,3.0,0.0,0.0,1.0,4.0,4.0,2.0,1.0,1.0
20200725LGOB0,20200725,LG,OB,T,L,24.0,149.0,31.0,10.0,4.0,0.0,1.0,0.0,2.0,6.0,0.0,7.0,7.0
20200726LGOB0,20200726,LG,OB,T,W,27.0,163.0,32.0,8.0,2.0,0.0,1.0,0.0,7.0,5.0,1.0,3.0,3.0
20200728LGSK0,20200728,LG,SK,T,W,27.0,166.0,34.0,8.0,3.0,0.0,2.0,0.0,7.0,10.0,1.0,7.0,7.0
20200729LGSK0,20200729,LG,SK,T,W,27.0,146.0,40.0,14.0,1.0,0.0,4.0,2.0,4.0,5.0,0.0,6.0,6.0
20200730LGSK0,20200730,LG,SK,T,W,27.0,138.0,30.0,4.0,3.0,0.0,0.0,0.0,4.0,8.0,0.0,1.0,1.0
20200731LGHH0,20200731,LG,HH,B,L,27.0,137.0,34.0,10.0,1.0,0.0,0.0,0.0,2.0,4.0,0.0,2.0,2.0
20200801LGHH0,20200801,LG,HH,B,W,27.0,167.0,34.0,8.0,2.0,0.0,1.0,1.0,6.0,8.0,0.0,6.0,6.0
20200804LGHT0,20200804,LG,HT,T,W,27.0,146.0,36.0,8.0,1.0,0.0,1.0,0.0,4.0,10.0,0.0,5.0,3.0
20200805LGHT0,20200805,LG,HT,T,W,27.0,151.0,35.0,9.0,1.0,0.0,0.0,1.0,2.0,11.0,0.0,4.0,4.0
20200806LGHT0,20200806,LG,HT,T,L,24.0,177.0,35.0,12.0,3.0,0.0,4.0,2.0,7.0,8.0,1.0,13.0,13.0
20200807LGWO0,20200807,LG,WO,T,W,27.0,140.0,32.0,6.0,2.0,0.0,0.0,0.0,5.0,8.0,0.0,2.0,2.0
20200808LGWO0,20200808,LG,WO,T,L,24.0,132.0,32.0,9.0,1.0,0.0,1.0,1.0,3.0,7.0,1.0,5.0,5.0
20200809LGWO0,20200809,LG,WO,T,L,24.0,130.0,28.0,7.0,0.0,0.0,0.0,2.0,4.0,6.0,2.0,2.0,1.0
20200811LGHT0,20200811,LG,HT,B,L,27.0,172.0,35.0,11.0,3.0,0.0,0.0,0.0,7.0,3.0,1.0,8.0,8.0
20200812LGHT0,20200812,LG,HT,B,W,27.0,166.0,29.0,2.0,0.0,0.0,0.0,0.0,6.0,14.0,0.0,0.0,0.0
20200813LGHT0,20200813,LG,HT,B,W,27.0,124.0,32.0,5.0,1.0,0.0,1.0,1.0,1.0,8.0,0.0,2.0,1.0
20200814LGNC0,20200814,LG,NC,T,W,27.0,151.0,36.0,8.0,3.0,0.0,0.0,1.0,4.0,13.0,0.0,4.0,4.0
20200815LGNC0,20200815,LG,NC,T,W,27.0,149.0,34.0,10.0,0.0,0.0,2.0,0.0,3.0,13.0,1.0,4.0,4.0
20200816LGNC0,20200816,LG,NC,T,W,27.0,149.0,34.0,9.0,5.0,0.0,0.0,0.0,3.0,6.0,2.0,5.0,5.0
20200818LGHT0,20200818,LG,HT,B,W,30.0,178.0,40.0,11.0,2.0,0.0,0.0,0.0,5.0,8.0,0.0,5.0,5.0
20200819LGHT0,20200819,LG,HT,B,W,27.0,152.0,34.0,8.0,0.0,0.0,0.0,0.0,2.0,9.0,1.0,1.0,1.0
20200820LGWO0,20200820,LG,WO,T,L,24.0,149.0,31.0,8.0,2.0,0.0,0.0,2.0,7.0,6.0,1.0,6.0,6.0
20200821LGWO0,20200821,LG,WO,T,W,27.0,130.0,33.0,6.0,0.0,0.0,1.0,1.0,3.0,6.0,0.0,3.0,3.0
20200823LGHH0,20200823,LG,HH,B,L,27.0,132.0,31.0,6.0,1.0,0.0,1.0,0.0,4.0,6.0,0.0,4.0,2.0
20200824LGHH0,20200824,LG,HH,B,L,27.0,177.0,38.0,14.0,1.0,2.0,0.0,0.0,3.0,7.0,0.0,6.0,5.0
20200825LGSS0,20200825,LG,SS,T,L,24.0,114.0,31.0,7.0,1.0,0.0,2.0,0.0,0.0,4.0,0.0,4.0,4.0
20200826LGSS0,20200826,LG,SS,T,W,27.0,139.0,35.0,9.0,0.0,0.0,1.0,0.0,2.0,6.0,1.0,5.0,5.0
20200827LGKT0,20200827,LG,KT,B,W,27.0,142.0,29.0,2.0,1.0,0.0,0.0,0.0,6.0,5.0,0.0,0.0,0.0
20200828LGKT0,20200828,LG,KT,B,W,33.0,164.0,36.0,5.0,1.0,0.0,2.0,1.0,4.0,13.0,1.0,5.0,5.0
20200829LGOB0,20200829,LG,OB,B,D,27.0,140.0,35.0,11.0,3.0,0.0,1.0,2.0,3.0,3.0,0.0,5.0,5.0
20200830LGOB0,20200830,LG,OB,B,W,27.0,126.0,31.0,7.0,1.0,0.0,0.0,0.0,1.0,5.0,2.0,1.0,1.0
20200901LGSK0,20200901,LG,SK,T,W,27.0,166.0,35.0,10.0,0.0,0.0,0.0,1.0,6.0,8.0,1.0,5.0,5.0
20200903LGNC0,20200903,LG,NC,B,W,27.0,161.0,40.0,16.0,2.0,0.0,0.0,3.0,3.0,11.0,2.0,5.0,5.0
20200904LGNC0,20200904,LG,NC,B,D,36.0,235.0,46.0,13.0,1.0,0.0,0.0,3.0,7.0,15.0,0.0,5.0,5.0
20200906LGLT0,20200906,LG,LT,T,W,27.0,121.0,29.0,3.0,1.0,0.0,0.0,0.0,4.0,4.0,1.0,1.0,1.0
20200907LGLT0,20200907,LG,LT,T,L,24.0,172.0,39.0,16.0,6.0,0.0,2.0,0.0,6.0,4.0,1.0,12.0,12.0
20200908LGHT0,20200908,LG,HT,T,L,24.0,124.0,31.0,7.0,4.0,0.0,0.0,0.0,3.0,5.0,1.0,3.0,1.0
20200910LGWO0,20200910,LG,WO,B,W,27.0,136.0,32.0,6.0,1.0,0.0,1.0,0.0,3.0,7.0,0.0,1.0,1.0
20200911LGWO0,20200911,LG,WO,B,L,27.0,130.0,38.0,13.0,3.0,1.0,0.0,1.0,2.0,4.0,1.0,8.0,8.0
20200912LGSS0,20200912,LG,SS,B,L,27.0,151.0,32.0,7.0,0.0,1.0,2.0,1.0,4.0,8.0,1.0,5.0,5.0
20200913LGSS0,20200913,LG,SS,B,L,27.0,191.0,42.0,18.0,1.0,1.0,1.0,2.0,5.0,5.0,0.0,11.0,9.0
20200915LGHH0,20200915,LG,HH,T,L,30.0,161.0,38.0,11.0,1.0,0.0,0.0,0.0,7.0,10.0,2.0,6.0,6.0
20200916LGHH0,20200916,LG,HH,T,W,27.0,148.0,35.0,9.0,0.0,1.0,2.0,0.0,4.0,11.0,1.0,5.0,5.0
20200917LGLT0,20200917,LG,LT,B,W,27.0,127.0,34.0,8.0,2.0,0.0,0.0,0.0,0.0,5.0,2.0,1.0,1.0
20200918LGLT0,20200918,LG,LT,B,L,27.0,149.0,36.0,8.0,1.0,0.0,0.0,3.0,4.0,8.0,1.0,5.0,3.0
20200919LGOB0,20200919,LG,OB,T,W,27.0,164.0,36.0,10.0,2.0,0.0,2.0,0.0,3.0,8.0,1.0,6.0,6.0
20200920LGOB0,20200920,LG,OB,T,L,27.0,191.0,31.0,9.0,1.0,0.0,1.0,1.0,14.0,6.0,3.0,6.0,6.0
20200922LGSK0,20200922,LG,SK,B,W,27.0,141.0,31.0,3.0,0.0,0.0,1.0,1.0,1.0,9.0,0.0,2.0,2.0
20200923LGSK0,20200923,LG,SK,B,W,27.0,138.0,33.0,8.0,3.0,0.0,0.0,0.0,1.0,10.0,0.0,2.0,1.0
20200721LTSK0,20200721,LT,SK,T,L,24.0,166.0,34.0,13.0,1.0,0.0,3.0,2.0,4.0,6.0,1.0,8.0,8.0
20200724LTWO0,20200724,LT,WO,T,W,27.0,142.0,31.0,6.0,2.0,0.0,1.0,1.0,2.0,12.0,1.0,2.0,2.0
20200725LTWO0,20200725,LT,WO,T,W,27.0,145.0,27.0,3.0,1.0,0.0,0.0,0.0,7.0,8.0,1.0,3.0,3.0
20200726LTWO0,20200726,LT,WO,T,L,24.0,150.0,35.0,13.0,4.0,0.0,0.0,0.0,5.0,5.0,1.0,8.0,8.0
20200728LTNC0,20200728,LT,NC,B,W,27.0,185.0,42.0,17.0,3.0,0.0,2.0,2.0,4.0,7.0,1.0,9.0,8.0
20200731LTHT0,20200731,LT,HT,B,L,27.0,160.0,34.0,8.0,1.0,0.0,0.0,0.0,4.0,10.0,1.0,3.0,2.0
20200801LTHT0,20200801,LT,HT,B,W,27.0,147.0,34.0,9.0,2.0,0.0,1.0,0.0,2.0,9.0,1.0,3.0,3.0
20200802LTHT0,20200802,LT,HT,B,W,27.0,124.0,30.0,4.0,2.0,0.0,0.0,0.0,2.0,10.0,1.0,0.0,0.0
20200804LTSK0,20200804,LT,SK,T,W,27.0,120.0,31.0,6.0,1.0,0.0,0.0,0.0,2.0,6.0,1.0,0.0,0.0
20200806LTSK0,20200806,LT,SK,T,W,27.0,113.0,33.0,8.0,1.0,0.0,1.0,0.0,1.0,8.0,1.0,2.0,2.0
20200807LTOB0,20200807,LT,OB,T,W,27.0,117.0,35.0,11.0,1.0,0.0,0.0,2.0,1.0,2.0,1.0,4.0,4.0
20200808LTOB0,20200808,LT,OB,T,D,15.0,52.0,16.0,3.0,0.0,0.0,1.0,0.0,0.0,0.0,2.0,1.0,1.0
20200812LTNC0,20200812,LT,NC,B,W,27.0,157.0,35.0,9.0,1.0,0.0,0.0,0.0,5.0,8.0,0.0,4.0,4.0
20200813LTNC0,20200813,LT,NC,B,L,27.0,178.0,39.0,14.0,1.0,0.0,1.0,0.0,4.0,7.0,1.0,9.0,9.0
20200814LTWO0,20200814,LT,WO,B,W,27.0,141.0,32.0,5.0,2.0,0.0,0.0,0.0,3.0,7.0,1.0,1.0,0.0
20200815LTWO0,20200815,LT,WO,B,L,27.0,128.0,34.0,9.0,4.0,0.0,0.0,0.0,2.0,4.0,1.0,3.0,3.0
20200816LTWO0,20200816,LT,WO,B,L,27.0,155.0,35.0,9.0,5.0,0.0,1.0,1.0,5.0,4.0,0.0,6.0,6.0
20200818LTOB0,20200818,LT,OB,B,L,27.0,200.0,43.0,16.0,2.0,0.0,0.0,1.0,5.0,10.0,0.0,9.0,8.0
20200819LTOB0,20200819,LT,OB,B,W,27.0,137.0,28.0,6.0,0.0,0.0,1.0,0.0,5.0,6.0,3.0,3.0,3.0
20200820LTOB0,20200820,LT,OB,T,W,27.0,169.0,40.0,14.0,4.0,0.0,0.0,0.0,3.0,10.0,1.0,5.0,5.0
20200821LTOB0,20200821,LT,OB,T,L,27.0,151.0,31.0,5.0,0.0,0.0,0.0,0.0,4.0,6.0,0.0,1.0,1.0
20200822LTSS0,20200822,LT,SS,T,W,27.0,157.0,35.0,10.0,1.0,0.0,0.0,3.0,2.0,5.0,1.0,3.0,2.0
20200823LTSS0,20200823,LT,SS,T,W,27.0,149.0,31.0,4.0,0.0,0.0,0.0,0.0,4.0,7.0,0.0,0.0,0.0
20200825LTSK0,20200825,LT,SK,B,L,27.0,173.0,37.0,11.0,3.0,0.0,2.0,1.0,9.0,3.0,1.0,10.0,10.0
20200826LTSK0,20200826,LT,SK,B,W,27.0,131.0,29.0,4.0,0.0,0.0,1.0,1.0,2.0,7.0,2.0,1.0,1.0
20200827LTWO0,20200827,LT,WO,B,L,27.0,152.0,40.0,15.0,5.0,0.0,3.0,2.0,4.0,2.0,2.0,11.0,9.0
20200828LTWO0,20200828,LT,WO,B,L,27.0,196.0,36.0,11.0,3.0,0.0,2.0,5.0,7.0,7.0,0.0,8.0,7.0
20200829LTHH0,20200829,LT,HH,B,W,27.0,166.0,38.0,11.0,0.0,1.0,2.0,0.0,2.0,13.0,0.0,7.0,7.0
20200830LTHH0,20200830,LT,HH,B,W,27.0,127.0,33.0,6.0,1.0,0.0,0.0,1.0,2.0,6.0,0.0,2.0,2.0
20200901LTKT0,20200901,LT,KT,T,L,24.0,163.0,37.0,14.0,2.0,0.0,2.0,2.0,3.0,7.0,1.0,11.0,8.0
20200903LTHT0,20200903,LT,HT,B,L,27.0,133.0,36.0,10.0,1.0,0.0,2.0,0.0,1.0,7.0,0.0,4.0,4.0
20200904LTHT0,20200904,LT,HT,B,L,27.0,152.0,34.0,8.0,3.0,0.0,1.0,0.0,4.0,7.0,1.0,6.0,5.0
20200904LTHT1,20200904,LT,HT,B,W,27.0,166.0,37.0,10.0,2.0,0.0,1.0,1.0,3.0,11.0,1.0,7.0,7.0
20200906LTLG0,20200906,LT,LG,B,L,27.0,163.0,42.0,14.0,4.0,0.0,2.0,0.0,1.0,8.0,0.0,7.0,5.0
20200907LTLG0,20200907,LT,LG,B,W,27.0,181.0,40.0,16.0,2.0,0.0,1.0,0.0,3.0,9.0,2.0,6.0,5.0
20200908LTNC0,20200908,LT,NC,T,L,24.0,168.0,42.0,17.0,5.0,0.0,0.0,0.0,4.0,6.0,0.0,14.0,10.0
20200909LTNC0,20200909,LT,NC,T,W,30.0,194.0,42.0,11.0,4.0,1.0,1.0,1.0,5.0,9.0,1.0,5.0,5.0
20200910LTSS0,20200910,LT,SS,B,W,27.0,147.0,37.0,10.0,5.0,0.0,0.0,0.0,3.0,6.0,0.0,8.0,8.0
20200911LTSS0,20200911,LT,SS,B,W,27.0,162.0,36.0,8.0,0.0,0.0,2.0,0.0,1.0,9.0,0.0,4.0,3.0
20200912LTSK0,20200912,LT,SK,T,L,24.0,125.0,29.0,5.0,1.0,0.0,0.0,0.0,3.0,2.0,1.0,2.0,1.0
20200913LTSK0,20200913,LT,SK,T,L,24.0,96.0,27.0,4.0,0.0,0.0,2.0,1.0,2.0,5.0,1.0,3.0,3.0
20200915LTWO0,20200915,LT,WO,T,W,27.0,190.0,38.0,11.0,1.0,0.0,0.0,0.0,8.0,7.0,1.0,5.0,5.0
20200917LTLG0,20200917,LT,LG,T,L,24.0,158.0,34.0,8.0,0.0,0.0,2.0,1.0,4.0,6.0,0.0,9.0,9.0
20200918LTLG0,20200918,LT,LG,T,W,27.0,146.0,34.0,7.0,1.0,0.0,1.0,1.0,4.0,6.0,0.0,3.0,3.0
20200919LTNC0,20200919,LT,NC,B,W,27.0,127.0,34.0,10.0,0.0,0.0,1.0,1.0,2.0,7.0,2.0,1.0,1.0
20200920LTNC1,20200920,LT,NC,B,L,27.0,154.0,37.0,13.0,0.0,0.0,2.0,1.0,4.0,8.0,0.0,6.0,6.0
20200920LTNC0,20200920,LT,NC,B,L,27.0,146.0,35.0,10.0,1.0,1.0,0.0,2.0,2.0,6.0,1.0,7.0,7.0
20200922LTKT0,20200922,LT,KT,B,W,27.0,122.0,28.0,2.0,0.0,0.0,0.0,0.0,2.0,10.0,0.0,0.0,0.0
20200923LTKT0,20200923,LT,KT,B,L,27.0,167.0,42.0,16.0,3.0,0.0,1.0,1.0,4.0,5.0,0.0,10.0,9.0
20200721NCSS0,20200721,NC,SS,B,W,30.0,182.0,36.0,9.0,0.0,0.0,1.0,3.0,4.0,7.0,2.0,5.0,5.0
20200724NCKT0,20200724,NC,KT,T,W,27.0,154.0,33.0,6.0,1.0,0.0,1.0,2.0,6.0,10.0,0.0,2.0,1.0
20200725NCKT0,20200725,NC,KT,T,L,24.0,141.0,29.0,8.0,4.0,0.0,1.0,0.0,4.0,9.0,2.0,6.0,6.0
20200726NCKT0,20200726,NC,KT,T,L,24.0,138.0,34.0,8.0,0.0,0.0,3.0,2.0,2.0,8.0,1.0,5.0,3.0
20200728NCLT0,20200728,NC,LT,T,L,27.0,168.0,36.0,14.0,3.0,0.0,2.0,0.0,8.0,6.0,1.0,11.0,11.0
20200731NCOB0,20200731,NC,OB,B,W,27.0,180.0,39.0,14.0,2.0,0.0,1.0,2.0,4.0,8.0,1.0,7.0,7.0
20200801NCOB0,20200801,NC,OB,B,L,30.0,186.0,45.0,17.0,2.0,1.0,0.0,2.0,4.0,9.0,1.0,12.0,11.0
20200802NCOB0,20200802,NC,OB,B,L,36.0,201.0,48.0,15.0,5.0,0.0,0.0,2.0,2.0,8.0,2.0,7.0,6.0
20200805NCHH0,20200805,NC,HH,T,L,24.0,158.0,33.0,12.0,2.0,0.0,1.0,0.0,7.0,5.0,2.0,8.0,7.0
20200806NCHH0,20200806,NC,HH,T,W,27.0,154.0,29.0,5.0,0.0,0.0,0.0,0.0,4.0,6.0,1.0,1.0,1.0
20200808NCHT0,20200808,NC,HT,T,L,24.0,122.0,28.0,4.0,1.0,0.0,1.0,0.0,0.0,9.0,0.0,3.0,3.0
20200809NCHT0,20200809,NC,HT,T,W,27.0,179.0,32.0,4.0,0.0,0.0,0.0,0.0,9.0,7.0,0.0,1.0,1.0
20200812NCLT0,20200812,NC,LT,T,L,24.0,148.0,33.0,13.0,3.0,0.0,1.0,0.0,6.0,4.0,1.0,8.0,8.0
20200813NCLT0,20200813,NC,LT,T,W,27.0,120.0,33.0,7.0,1.0,0.0,0.0,0.0,0.0,6.0,1.0,2.0,2.0
20200814NCLG0,20200814,NC,LG,B,L,27.0,206.0,43.0,18.0,2.0,1.0,4.0,0.0,5.0,6.0,1.0,10.0,10.0
20200815NCLG0,20200815,NC,LG,B,L,27.0,177.0,40.0,15.0,4.0,0.0,2.0,0.0,4.0,9.0,0.0,13.0,13.0
20200816NCLG0,20200816,NC,LG,B,L,27.0,163.0,32.0,7.0,0.0,0.0,2.0,0.0,8.0,3.0,1.0,6.0,3.0
20200818NCWO0,20200818,NC,WO,B,W,27.0,136.0,34.0,7.0,0.0,0.0,0.0,1.0,1.0,6.0,0.0,1.0,1.0
20200819NCWO0,20200819,NC,WO,B,L,27.0,152.0,35.0,8.0,3.0,0.0,1.0,1.0,5.0,5.0,1.0,6.0,5.0
20200820NCHT0,20200820,NC,HT,T,W,27.0,147.0,33.0,5.0,0.0,0.0,0.0,0.0,6.0,10.0,0.0,2.0,1.0
20200821NCHT0,20200821,NC,HT,T,W,27.0,149.0,34.0,9.0,0.0,0.0,2.0,1.0,3.0,5.0,0.0,4.0,4.0
20200823NCKT0,20200823,NC,KT,T,L,24.0,160.0,34.0,13.0,2.0,0.0,3.0,0.0,8.0,6.0,1.0,10.0,10.0
20200824NCKT0,20200824,NC,KT,T,L,24.0,158.0,37.0,14.0,1.0,0.0,1.0,1.0,4.0,9.0,0.0,8.0,8.0
20200825NCHH0,20200825,NC,HH,B,W,27.0,179.0,37.0,11.0,1.0,1.0,0.0,0.0,6.0,9.0,1.0,3.0,3.0
20200826NCHH0,20200826,NC,HH,B,W,27.0,156.0,34.0,7.0,1.0,0.0,1.0,0.0,5.0,8.0,2.0,5.0,5.0
20200827NCOB0,20200827,NC,OB,B,W,27.0,151.0,37.0,13.0,6.0,0.0,0.0,0.0,2.0,4.0,1.0,2.0,2.0
20200828NCOB0,20200828,NC,OB,B,L,27.0,197.0,46.0,18.0,1.0,0.0,4.0,0.0,6.0,4.0,0.0,11.0,11.0
20200829NCSK0,20200829,NC,SK,B,W,27.0,135.0,35.0,9.0,0.0,0.0,2.0,0.0,2.0,5.0,1.0,5.0,5.0
20200830NCSK0,20200830,NC,SK,B,W,27.0,132.0,33.0,7.0,1.0,0.0,3.0,0.0,3.0,7.0,0.0,4.0,4.0
20200901NCWO0,20200901,NC,WO,T,W,27.0,135.0,33.0,6.0,2.0,0.0,0.0,0.0,2.0,7.0,0.0,2.0,2.0
20200902NCWO0,20200902,NC,WO,T,L,24.0,164.0,31.0,7.0,2.0,0.0,0.0,1.0,10.0,7.0,0.0,6.0,5.0
20200903NCLG0,20200903,NC,LG,T,L,24.0,131.0,32.0,9.0,1.0,0.0,1.0,0.0,2.0,8.0,2.0,6.0,2.0
20200904NCLG0,20200904,NC,LG,T,D,36.0,222.0,46.0,13.0,3.0,1.0,0.0,2.0,9.0,14.0,1.0,5.0,5.0
20200906NCSS0,20200906,NC,SS,T,L,24.0,147.0,34.0,10.0,0.0,0.0,3.0,0.0,3.0,5.0,0.0,5.0,5.0
20200908NCLT0,20200908,NC,LT,B,W,27.0,149.0,33.0,6.0,1.0,0.0,0.0,1.0,5.0,6.0,0.0,2.0,2.0
20200909NCLT0,20200909,NC,LT,B,L,30.0,184.0,36.0,8.0,3.0,0.0,0.0,0.0,10.0,7.0,0.0,7.0,7.0
20200910NCKT0,20200910,NC,KT,B,W,27.0,126.0,32.0,8.0,0.0,1.0,4.0,0.0,4.0,7.0,1.0,8.0,8.0
20200911NCKT0,20200911,NC,KT,B,W,27.0,153.0,31.0,6.0,0.0,1.0,1.0,0.0,6.0,10.0,1.0,1.0,1.0
20200912NCHT0,20200912,NC,HT,B,L,27.0,188.0,40.0,14.0,5.0,0.0,2.0,0.0,8.0,2.0,0.0,11.0,10.0
20200913NCHT0,20200913,NC,HT,B,L,27.0,150.0,33.0,10.0,1.0,0.0,0.0,0.0,3.0,5.0,1.0,4.0,4.0
20200915NCOB0,20200915,NC,OB,T,L,24.0,128.0,30.0,8.0,3.0,0.0,0.0,0.0,4.0,3.0,0.0,7.0,5.0
20200916NCOB0,20200916,NC,OB,T,W,27.0,133.0,32.0,7.0,1.0,0.0,0.0,0.0,1.0,6.0,1.0,3.0,3.0
20200917NCSK0,20200917,NC,SK,T,W,27.0,124.0,30.0,4.0,0.0,0.0,0.0,1.0,2.0,11.0,0.0,0.0,0.0
20200918NCSK0,20200918,NC,SK,T,W,27.0,145.0,31.0,8.0,2.0,0.0,3.0,0.0,6.0,4.0,1.0,5.0,5.0
20200919NCLT0,20200919,NC,LT,T,L,24.0,167.0,30.0,7.0,1.0,0.0,2.0,0.0,8.0,8.0,1.0,5.0,5.0
20200920NCLT1,20200920,NC,LT,T,W,27.0,182.0,36.0,11.0,0.0,0.0,0.0,0.0,5.0,8.0,2.0,2.0,2.0
20200920NCLT0,20200920,NC,LT,T,W,27.0,148.0,35.0,8.0,1.0,0.0,1.0,0.0,3.0,9.0,1.0,2.0,1.0
20200922NCSS0,20200922,NC,SS,B,W,27.0,146.0,33.0,6.0,0.0,0.0,0.0,0.0,1.0,11.0,0.0,2.0,2.0
20200923NCSS0,20200923,NC,SS,B,W,27.0,143.0,36.0,10.0,2.0,1.0,1.0,2.0,2.0,11.0,0.0,7.0,7.0
20200721OBWO0,20200721,OB,WO,B,W,27.0,143.0,35.0,9.0,1.0,0.0,0.0,0.0,1.0,9.0,0.0,1.0,1.0
20200724OBLG0,20200724,OB,LG,B,L,27.0,170.0,40.0,15.0,2.0,1.0,2.0,1.0,6.0,3.0,1.0,8.0,8.0
20200725OBLG0,20200725,OB,LG,B,W,27.0,137.0,35.0,10.0,3.0,0.0,0.0,0.0,1.0,8.0,3.0,3.0,3.0
20200726OBLG0,20200726,OB,LG,B,L,27.0,139.0,33.0,7.0,0.0,1.0,0.0,2.0,2.0,8.0,1.0,4.0,2.0
20200728OBWO0,20200728,OB,WO,B,L,27.0,166.0,34.0,8.0,2.0,0.0,1.0,0.0,7.0,6.0,0.0,6.0,5.0
20200730OBWO0,20200730,OB,WO,B,L,27.0,139.0,34.0,13.0,2.0,0.0,1.0,2.0,4.0,2.0,2.0,8.0,8.0
20200731OBNC0,20200731,OB,NC,T,L,24.0,184.0,37.0,14.0,4.0,0.0,1.0,2.0,5.0,7.0,1.0,10.0,10.0
20200801OBNC0,20200801,OB,NC,T,W,30.0,189.0,45.0,15.0,4.0,0.0,2.0,2.0,7.0,8.0,0.0,10.0,9.0
20200802OBNC0,20200802,OB,NC,T,W,36.0,182.0,42.0,8.0,1.0,0.0,2.0,0.0,5.0,10.0,1.0,4.0,4.0
20200804OBSS0,20200804,OB,SS,B,L,27.0,166.0,34.0,7.0,2.0,0.0,1.0,1.0,7.0,10.0,0.0,6.0,6.0
20200805OBSS0,20200805,OB,SS,B,D,24.0,155.0,34.0,12.0,2.0,0.0,0.0,1.0,4.0,4.0,1.0,2.0,1.0
20200806OBSS0,20200806,OB,SS,B,W,27.0,172.0,38.0,11.0,0.0,0.0,0.0,3.0,2.0,7.0,0.0,2.0,2.0
20200807OBLT0,20200807,OB,LT,B,L,27.0,194.0,39.0,12.0,2.0,0.0,2.0,0.0,9.0,6.0,1.0,8.0,5.0
20200808OBLT0,20200808,OB,LT,B,D,18.0,88.0,22.0,6.0,1.0,0.0,0.0,0.0,1.0,6.0,1.0,1.0,1.0
20200811OBSS0,20200811,OB,SS,T,W,27.0,151.0,34.0,8.0,0.0,0.0,1.0,0.0,2.0,5.0,1.0,1.0,1.0
20200812OBSS0,20200812,OB,SS,T,W,27.0,169.0,42.0,16.0,4.0,0.0,2.0,0.0,1.0,6.0,1.0,8.0,8.0
20200813OBSS0,20200813,OB,SS,T,L,24.0,148.0,33.0,9.0,1.0,0.0,2.0,1.0,5.0,5.0,0.0,3.0,3.0
20200814OBKT0,20200814,OB,KT,B,L,36.0,194.0,47.0,12.0,3.0,0.0,0.0,2.0,1.0,7.0,0.0,5.0,4.0
20200815OBKT0,20200815,OB,KT,B,W,27.0,171.0,34.0,7.0,2.0,1.0,1.0,1.0,7.0,8.0,0.0,5.0,4.0
20200816OBKT0,20200816,OB,KT,B,L,27.0,157.0,35.0,11.0,5.0,0.0,0.0,1.0,3.0,5.0,1.0,4.0,2.0
20200818OBLT0,20200818,OB,LT,T,W,27.0,145.0,34.0,6.0,0.0,1.0,1.0,0.0,2.0,7.0,0.0,2.0,2.0
20200819OBLT0,20200819,OB,LT,T,L,24.0,113.0,31.0,10.0,3.0,0.0,0.0,4.0,1.0,3.0,1.0,7.0,6.0
20200820OBLT0,20200820,OB,LT,B,L,27.0,167.0,36.0,11.0,2.0,1.0,1.0,2.0,7.0,7.0,1.0,6.0,6.0
20200821OBLT0,20200821,OB,LT,B,W,27.0,144.0,31.0,3.0,1.0,0.0,0.0,2.0,2.0,8.0,0.0,0.0,0.0
20200822OBSK0,20200822,OB,SK,T,W,27.0,163.0,36.0,9.0,2.0,0.0,1.0,0.0,5.0,7.0,0.0,1.0,1.0
20200823OBSK0,20200823,OB,SK,T,W,27.0,165.0,34.0,9.0,1.0,1.0,0.0,0.0,5.0,7.0,0.0,1.0,1.0
20200825OBHT0,20200825,OB,HT,B,W,27.0,172.0,34.0,9.0,2.0,0.0,1.0,2.0,11.0,5.0,2.0,8.0,6.0
20200826OBHT0,20200826,OB,HT,B,L,27.0,177.0,41.0,15.0,1.0,0.0,1.0,0.0,4.0,5.0,0.0,7.0,7.0
20200827OBNC0,20200827,OB,NC,T,L,24.0,163.0,35.0,13.0,2.0,1.0,1.0,0.0,5.0,9.0,1.0,8.0,8.0
20200828OBNC0,20200828,OB,NC,T,W,27.0,145.0,35.0,10.0,1.0,1.0,1.0,0.0,4.0,4.0,1.0,4.0,4.0
20200829OBLG0,20200829,OB,LG,T,D,27.0,154.0,37.0,10.0,2.0,0.0,2.0,0.0,1.0,13.0,0.0,5.0,5.0
20200830OBLG0,20200830,OB,LG,T,L,24.0,162.0,30.0,8.0,2.0,0.0,1.0,2.0,6.0,6.0,1.0,4.0,4.0
20200901OBHH0,20200901,OB,HH,B,W,27.0,125.0,29.0,3.0,0.0,0.0,0.0,0.0,0.0,9.0,1.0,0.0,0.0
20200903OBSS0,20200903,OB,SS,T,L,24.0,178.0,35.0,16.0,5.0,1.0,1.0,1.0,4.0,6.0,2.0,11.0,10.0
20200904OBSS0,20200904,OB,SS,T,L,24.0,191.0,37.0,16.0,3.0,0.0,2.0,1.0,9.0,3.0,2.0,12.0,11.0
20200905OBSK0,20200905,OB,SK,B,W,27.0,117.0,30.0,5.0,0.0,0.0,1.0,0.0,2.0,7.0,1.0,1.0,1.0
20200906OBSK0,20200906,OB,SK,B,W,27.0,111.0,31.0,3.0,0.0,0.0,0.0,0.0,2.0,7.0,0.0,0.0,0.0
20200908OBKT0,20200908,OB,KT,B,W,27.0,157.0,33.0,6.0,1.0,0.0,0.0,0.0,5.0,7.0,0.0,0.0,0.0
20200909OBKT0,20200909,OB,KT,B,L,33.0,179.0,38.0,5.0,0.0,0.0,1.0,1.0,4.0,13.0,0.0,4.0,3.0
20200910OBHT0,20200910,OB,HT,T,W,27.0,162.0,32.0,7.0,0.0,1.0,1.0,0.0,4.0,7.0,0.0,4.0,4.0
20200912OBWO0,20200912,OB,WO,T,L,24.0,141.0,31.0,9.0,2.0,0.0,0.0,0.0,4.0,6.0,0.0,2.0,2.0
20200913OBWO0,20200913,OB,WO,T,D,36.0,242.0,49.0,13.0,1.0,0.0,0.0,2.0,11.0,15.0,0.0,6.0,6.0
20200915OBNC0,20200915,OB,NC,B,W,27.0,150.0,33.0,6.0,1.0,1.0,0.0,2.0,4.0,5.0,0.0,3.0,3.0
20200916OBNC0,20200916,OB,NC,B,L,27.0,158.0,34.0,8.0,1.0,0.0,2.0,2.0,4.0,10.0,0.0,5.0,4.0
20200917OBKT0,20200917,OB,KT,T,L,24.0,157.0,31.0,9.0,1.0,1.0,0.0,3.0,3.0,8.0,0.0,3.0,3.0
20200918OBKT0,20200918,OB,KT,T,L,30.0,183.0,40.0,11.0,1.0,0.0,2.0,0.0,5.0,11.0,1.0,5.0,5.0
20200919OBLG0,20200919,OB,LG,B,L,27.0,178.0,40.0,18.0,1.0,0.0,2.0,2.0,4.0,6.0,2.0,9.0,9.0
20200920OBLG0,20200920,OB,LG,B,W,27.0,158.0,37.0,10.0,3.0,1.0,2.0,0.0,1.0,11.0,0.0,5.0,5.0
20200922OBHH0,20200922,OB,HH,T,L,24.0,145.0,29.0,6.0,0.0,0.0,1.0,0.0,5.0,16.0,0.0,5.0,5.0
20200923OBHH0,20200923,OB,HH,T,L,24.0,159.0,34.0,12.0,3.0,0.0,1.0,1.0,3.0,13.0,1.0,6.0,6.0
20200721SKLT0,20200721,SK,LT,B,W,27.0,161.0,35.0,10.0,1.0,0.0,1.0,1.0,5.0,4.0,1.0,7.0,7.0
20200724SKHH0,20200724,SK,HH,T,W,27.0,163.0,29.0,5.0,0.0,0.0,0.0,1.0,7.0,11.0,1.0,4.0,4.0
20200726SKHH0,20200726,SK,HH,T,W,27.0,174.0,34.0,8.0,2.0,0.0,1.0,0.0,4.0,8.0,1.0,4.0,4.0
20200727SKHH0,20200727,SK,HH,T,D,27.0,156.0,29.0,5.0,3.0,0.0,0.0,1.0,5.0,5.0,2.0,5.0,5.0
20200728SKLG0,20200728,SK,LG,B,L,27.0,221.0,49.0,23.0,3.0,1.0,6.0,0.0,9.0,6.0,1.0,24.0,24.0
20200729SKLG0,20200729,SK,LG,B,L,27.0,179.0,36.0,13.0,0.0,0.0,3.0,1.0,9.0,7.0,2.0,11.0,11.0
20200730SKLG0,20200730,SK,LG,B,L,27.0,187.0,39.0,13.0,3.0,0.0,1.0,1.0,6.0,6.0,1.0,9.0,9.0
20200731SKKT0,20200731,SK,KT,T,L,24.0,175.0,39.0,16.0,3.0,0.0,4.0,0.0,3.0,8.0,0.0,11.0,11.0
20200801SKKT0,20200801,SK,KT,T,L,24.0,135.0,36.0,13.0,1.0,1.0,3.0,0.0,5.0,2.0,2.0,11.0,11.0
20200804SKLT0,20200804,SK,LT,B,L,27.0,170.0,41.0,15.0,3.0,0.0,1.0,0.0,5.0,2.0,1.0,8.0,8.0
20200806SKLT0,20200806,SK,LT,B,L,27.0,150.0,33.0,6.0,0.0,0.0,2.0,0.0,6.0,6.0,0.0,8.0,6.0
20200807SKSS0,20200807,SK,SS,B,L,27.0,147.0,29.0,6.0,1.0,0.0,1.0,2.0,6.0,7.0,1.0,2.0,2.0
20200808SKSS0,20200808,SK,SS,B,W,15.0,66.0,17.0,5.0,1.0,0.0,1.0,0.0,1.0,1.0,0.0,2.0,2.0
20200811SKKT0,20200811,SK,KT,T,L,24.0,170.0,31.0,11.0,2.0,0.0,1.0,0.0,6.0,8.0,2.0,6.0,6.0
20200812SKKT0,20200812,SK,KT,T,W,27.0,147.0,27.0,2.0,1.0,0.0,0.0,0.0,3.0,3.0,2.0,2.0,1.0
20200813SKKT0,20200813,SK,KT,T,W,27.0,195.0,36.0,10.0,2.0,0.0,1.0,1.0,11.0,17.0,1.0,6.0,6.0
20200814SKHT0,20200814,SK,HT,T,L,24.0,151.0,31.0,7.0,2.0,0.0,1.0,0.0,9.0,3.0,0.0,7.0,7.0
20200815SKHT0,20200815,SK,HT,T,L,24.0,142.0,41.0,17.0,2.0,1.0,1.0,0.0,3.0,5.0,0.0,10.0,10.0
20200816SKHT0,20200816,SK,HT,T,L,24.0,167.0,38.0,15.0,2.0,0.0,1.0,0.0,3.0,10.0,0.0,8.0,8.0
20200818SKHH0,20200818,SK,HH,B,W,27.0,181.0,32.0,6.0,2.0,0.0,0.0,0.0,11.0,16.0,0.0,3.0,3.0
20200819SKHH0,20200819,SK,HH,B,W,27.0,171.0,40.0,12.0,2.0,0.0,2.0,0.0,3.0,8.0,0.0,6.0,4.0
20200820SKSS0,20200820,SK,SS,B,L,27.0,167.0,35.0,9.0,2.0,0.0,0.0,2.0,6.0,9.0,1.0,8.0,5.0
20200821SKSS0,20200821,SK,SS,B,W,27.0,186.0,37.0,11.0,1.0,1.0,2.0,0.0,9.0,8.0,1.0,6.0,5.0
20200822SKOB0,20200822,SK,OB,B,L,27.0,168.0,39.0,12.0,1.0,0.0,2.0,2.0,5.0,9.0,0.0,8.0,6.0
20200823SKOB0,20200823,SK,OB,B,L,27.0,158.0,35.0,9.0,0.0,0.0,3.0,3.0,9.0,4.0,0.0,8.0,7.0
20200825SKLT0,20200825,SK,LT,T,W,27.0,175.0,38.0,11.0,1.0,0.0,1.0,0.0,4.0,6.0,1.0,8.0,7.0
20200826SKLT0,20200826,SK,LT,T,L,24.0,140.0,28.0,4.0,0.0,0.0,0.0,0.0,9.0,4.0,0.0,3.0,3.0
20200827SKHT0,20200827,SK,HT,B,W,27.0,139.0,33.0,8.0,2.0,0.0,0.0,0.0,3.0,12.0,0.0,4.0,4.0
20200828SKHT0,20200828,SK,HT,B,L,27.0,193.0,39.0,13.0,0.0,0.0,4.0,0.0,4.0,8.0,0.0,11.0,11.0
20200829SKNC0,20200829,SK,NC,T,L,24.0,153.0,35.0,14.0,3.0,0.0,2.0,1.0,4.0,4.0,1.0,9.0,9.0
20200830SKNC0,20200830,SK,NC,T,L,24.0,139.0,28.0,7.0,2.0,1.0,0.0,0.0,8.0,5.0,0.0,7.0,7.0
20200901SKLG0,20200901,SK,LG,B,L,27.0,193.0,38.0,11.0,3.0,0.0,3.0,0.0,9.0,10.0,0.0,13.0,11.0
20200903SKKT0,20200903,SK,KT,T,L,24.0,162.0,34.0,12.0,3.0,0.0,0.0,1.0,4.0,6.0,1.0,6.0,6.0
20200904SKKT0,20200904,SK,KT,T,L,24.0,162.0,35.0,13.0,3.0,0.0,3.0,2.0,3.0,7.0,0.0,10.0,10.0
20200904SKKT1,20200904,SK,KT,T,L,27.0,156.0,33.0,9.0,2.0,0.0,2.0,0.0,9.0,3.0,1.0,7.0,7.0
20200905SKOB0,20200905,SK,OB,T,L,24.0,159.0,29.0,6.0,1.0,0.0,0.0,0.0,9.0,5.0,0.0,5.0,5.0
20200906SKOB0,20200906,SK,OB,T,L,24.0,165.0,38.0,14.0,2.0,0.0,2.0,0.0,5.0,3.0,0.0,10.0,9.0
20200908SKWO0,20200908,SK,WO,B,L,27.0,196.0,43.0,17.0,4.0,0.0,5.0,0.0,6.0,7.0,1.0,16.0,16.0
20200909SKWO0,20200909,SK,WO,B,L,27.0,238.0,35.0,11.0,2.0,0.0,1.0,3.0,16.0,5.0,3.0,13.0,11.0
20200910SKHH0,20200910,SK,HH,T,W,27.0,127.0,30.0,5.0,0.0,0.0,0.0,0.0,4.0,9.0,2.0,1.0,1.0
20200911SKHH0,20200911,SK,HH,T,W,27.0,162.0,34.0,6.0,1.0,0.0,0.0,0.0,4.0,12.0,1.0,3.0,3.0
20200912SKLT0,20200912,SK,LT,B,W,27.0,145.0,30.0,6.0,0.0,0.0,0.0,0.0,5.0,6.0,1.0,1.0,1.0
20200913SKLT0,20200913,SK,LT,B,W,27.0,126.0,29.0,5.0,0.0,0.0,0.0,0.0,6.0,1.0,2.0,1.0,1.0
20200915SKHT0,20200915,SK,HT,T,W,27.0,138.0,29.0,5.0,0.0,0.0,0.0,0.0,5.0,4.0,3.0,1.0,1.0
20200916SKHT0,20200916,SK,HT,T,W,27.0,162.0,33.0,10.0,1.0,0.0,1.0,0.0,6.0,6.0,1.0,6.0,6.0
20200917SKNC0,20200917,SK,NC,B,L,27.0,146.0,34.0,9.0,1.0,0.0,2.0,1.0,3.0,6.0,1.0,3.0,3.0
20200918SKNC0,20200918,SK,NC,B,L,27.0,157.0,31.0,8.0,0.0,1.0,1.0,1.0,7.0,6.0,0.0,9.0,9.0
20200919SKKT0,20200919,SK,KT,B,L,27.0,157.0,34.0,8.0,0.0,0.0,0.0,1.0,6.0,11.0,1.0,5.0,2.0
20200920SKKT0,20200920,SK,KT,B,L,27.0,171.0,37.0,11.0,2.0,0.0,1.0,2.0,5.0,10.0,0.0,10.0,6.0
20200922SKLG0,20200922,SK,LG,T,L,24.0,149.0,30.0,7.0,1.0,0.0,0.0,2.0,5.0,5.0,2.0,7.0,7.0
20200923SKLG0,20200923,SK,LG,T,L,24.0,145.0,31.0,10.0,2.0,0.0,1.0,0.0,1.0,6.0,0.0,6.0,6.0
20200721SSNC0,20200721,SS,NC,T,L,27.0,162.0,38.0,13.0,3.0,0.0,3.0,0.0,3.0,7.0,0.0,6.0,6.0
20200725SSHT0,20200725,SS,HT,T,L,24.0,164.0,31.0,11.0,2.0,0.0,0.0,0.0,3.0,9.0,1.0,8.0,8.0
20200726SSHT0,20200726,SS,HT,T,L,24.0,170.0,37.0,12.0,2.0,1.0,0.0,0.0,4.0,5.0,0.0,8.0,6.0
20200729SSHH0,20200729,SS,HH,B,L,27.0,181.0,44.0,18.0,1.0,0.0,1.0,0.0,4.0,7.0,1.0,12.0,5.0
20200730SSHH0,20200730,SS,HH,B,W,33.0,181.0,37.0,3.0,0.0,0.0,0.0,0.0,6.0,12.0,0.0,1.0,0.0
20200731SSWO0,20200731,SS,WO,B,L,27.0,157.0,36.0,10.0,2.0,0.0,3.0,1.0,6.0,7.0,1.0,10.0,10.0
20200801SSWO0,20200801,SS,WO,B,L,27.0,246.0,48.0,23.0,7.0,0.0,1.0,1.0,12.0,6.0,0.0,22.0,21.0
20200802SSWO0,20200802,SS,WO,B,L,30.0,141.0,38.0,10.0,2.0,0.0,0.0,0.0,2.0,4.0,2.0,4.0,4.0
20200804SSOB0,20200804,SS,OB,T,W,27.0,138.0,36.0,9.0,1.0,0.0,1.0,0.0,1.0,4.0,0.0,3.0,2.0
20200805SSOB0,20200805,SS,OB,T,D,24.0,130.0,28.0,4.0,0.0,0.0,0.0,1.0,4.0,4.0,0.0,2.0,0.0
20200806SSOB0,20200806,SS,OB,T,L,24.0,140.0,31.0,7.0,1.0,1.0,0.0,0.0,4.0,7.0,0.0,5.0,5.0
20200807SSSK0,20200807,SS,SK,T,W,27.0,142.0,32.0,4.0,1.0,0.0,0.0,0.0,2.0,7.0,0.0,0.0,0.0
20200808SSSK0,20200808,SS,SK,T,L,15.0,80.0,19.0,3.0,2.0,1.0,0.0,0.0,3.0,0.0,0.0,4.0,2.0
20200811SSOB0,20200811,SS,OB,B,L,27.0,172.0,33.0,9.0,1.0,0.0,1.0,0.0,6.0,4.0,2.0,6.0,6.0
20200812SSOB0,20200812,SS,OB,B,L,27.0,166.0,45.0,24.0,2.0,0.0,2.0,0.0,3.0,2.0,3.0,15.0,15.0
20200813SSOB0,20200813,SS,OB,B,W,27.0,164.0,28.0,4.0,0.0,0.0,1.0,1.0,9.0,11.0,1.0,2.0,2.0
20200814SSHH0,20200814,SS,HH,T,W,27.0,144.0,29.0,4.0,1.0,0.0,0.0,0.0,3.0,8.0,1.0,1.0,1.0
20200815SSHH0,20200815,SS,HH,T,W,27.0,155.0,30.0,7.0,0.0,0.0,0.0,1.0,5.0,7.0,1.0,0.0,0.0
20200816SSHH0,20200816,SS,HH,T,L,24.0,109.0,26.0,2.0,1.0,0.0,0.0,0.0,5.0,4.0,1.0,3.0,3.0
20200818SSKT0,20200818,SS,KT,B,L,27.0,177.0,33.0,9.0,1.0,0.0,1.0,0.0,8.0,7.0,0.0,6.0,5.0
20200819SSKT0,20200819,SS,KT,B,L,27.0,165.0,31.0,6.0,1.0,0.0,1.0,0.0,5.0,8.0,1.0,6.0,6.0
20200820SSSK0,20200820,SS,SK,T,W,27.0,145.0,35.0,11.0,0.0,0.0,2.0,0.0,4.0,6.0,2.0,3.0,3.0
20200821SSSK0,20200821,SS,SK,T,L,24.0,123.0,32.0,12.0,2.0,0.0,0.0,0.0,8.0,2.0,0.0,8.0,8.0
20200822SSLT0,20200822,SS,LT,B,L,27.0,135.0,39.0,13.0,2.0,0.0,1.0,1.0,2.0,5.0,0.0,5.0,5.0
20200823SSLT0,20200823,SS,LT,B,L,27.0,167.0,37.0,10.0,2.0,0.0,3.0,1.0,6.0,7.0,0.0,11.0,8.0
20200825SSLG0,20200825,SS,LG,B,W,27.0,166.0,33.0,7.0,1.0,0.0,1.0,1.0,7.0,8.0,0.0,3.0,3.0
20200826SSLG0,20200826,SS,LG,B,L,27.0,138.0,36.0,10.0,1.0,0.0,4.0,0.0,3.0,7.0,0.0,8.0,8.0
20200827SSHH0,20200827,SS,HH,T,L,24.0,146.0,33.0,11.0,1.0,1.0,0.0,0.0,4.0,3.0,1.0,7.0,7.0
20200829SSWO0,20200829,SS,WO,T,W,27.0,119.0,30.0,8.0,2.0,0.0,0.0,0.0,3.0,3.0,3.0,4.0,4.0
20200830SSWO0,20200830,SS,WO,T,L,24.0,178.0,34.0,11.0,1.0,1.0,0.0,3.0,3.0,4.0,1.0,3.0,3.0
20200901SSHT0,20200901,SS,HT,T,L,24.0,188.0,31.0,9.0,2.0,0.0,1.0,0.0,9.0,9.0,0.0,6.0,6.0
20200903SSOB0,20200903,SS,OB,B,W,27.0,143.0,38.0,10.0,3.0,1.0,3.0,1.0,3.0,4.0,1.0,10.0,6.0
20200904SSOB0,20200904,SS,OB,B,W,27.0,160.0,32.0,8.0,1.0,0.0,0.0,0.0,5.0,12.0,2.0,5.0,5.0
20200906SSNC0,20200906,SS,NC,B,W,27.0,130.0,31.0,5.0,0.0,0.0,1.0,0.0,2.0,10.0,1.0,3.0,3.0
20200908SSHH0,20200908,SS,HH,B,L,30.0,173.0,36.0,10.0,2.0,0.0,0.0,0.0,3.0,9.0,0.0,4.0,4.0
20200909SSHH1,20200909,SS,HH,B,L,27.0,152.0,37.0,12.0,1.0,0.0,1.0,0.0,6.0,10.0,1.0,7.0,7.0
20200909SSHH0,20200909,SS,HH,B,D,27.0,137.0,38.0,10.0,1.0,0.0,2.0,0.0,3.0,5.0,1.0,4.0,4.0
20200910SSLT0,20200910,SS,LT,T,L,24.0,200.0,45.0,21.0,3.0,0.0,2.0,0.0,5.0,6.0,0.0,13.0,13.0
20200911SSLT0,20200911,SS,LT,T,L,24.0,182.0,37.0,14.0,2.0,0.0,1.0,0.0,8.0,8.0,1.0,12.0,12.0
20200912SSLG0,20200912,SS,LG,T,W,27.0,122.0,29.0,2.0,0.0,0.0,1.0,1.0,1.0,6.0,0.0,1.0,1.0
20200913SSLG0,20200913,SS,LG,T,W,27.0,110.0,31.0,4.0,1.0,0.0,0.0,0.0,1.0,10.0,0.0,0.0,0.0
20200915SSKT0,20200915,SS,KT,T,W,27.0,171.0,36.0,8.0,1.0,0.0,0.0,0.0,2.0,11.0,1.0,0.0,0.0
20200916SSKT0,20200916,SS,KT,T,L,24.0,190.0,43.0,19.0,4.0,0.0,1.0,0.0,3.0,8.0,0.0,11.0,11.0
20200917SSHT0,20200917,SS,HT,B,L,27.0,167.0,40.0,16.0,4.0,0.0,3.0,0.0,3.0,6.0,1.0,12.0,12.0
20200918SSHT0,20200918,SS,HT,B,L,27.0,207.0,39.0,15.0,2.0,0.0,2.0,0.0,8.0,4.0,1.0,13.0,13.0
20200919SSWO0,20200919,SS,WO,B,L,27.0,180.0,39.0,15.0,3.0,0.0,0.0,2.0,3.0,12.0,0.0,8.0,8.0
20200920SSWO0,20200920,SS,WO,B,W,27.0,161.0,37.0,13.0,2.0,0.0,1.0,0.0,4.0,7.0,3.0,6.0,6.0
20200922SSNC0,20200922,SS,NC,T,L,24.0,155.0,30.0,6.0,1.0,0.0,0.0,1.0,6.0,4.0,1.0,3.0,0.0
20200923SSNC0,20200923,SS,NC,T,L,24.0,143.0,30.0,10.0,1.0,0.0,1.0,0.0,5.0,7.0,2.0,8.0,8.0
20200721WOOB0,20200721,WO,OB,T,L,24.0,121.0,31.0,7.0,2.0,1.0,1.0,2.0,1.0,6.0,0.0,6.0,6.0
20200724WOLT0,20200724,WO,LT,B,L,27.0,176.0,33.0,9.0,1.0,0.0,0.0,2.0,6.0,8.0,1.0,4.0,4.0
20200725WOLT0,20200725,WO,LT,B,L,27.0,132.0,35.0,9.0,2.0,0.0,0.0,0.0,5.0,11.0,0.0,6.0,6.0
20200726WOLT0,20200726,WO,LT,B,W,27.0,133.0,34.0,8.0,3.0,0.0,0.0,1.0,3.0,4.0,2.0,1.0,0.0
20200728WOOB0,20200728,WO,OB,T,W,27.0,130.0,36.0,9.0,2.0,0.0,1.0,0.0,2.0,4.0,0.0,2.0,2.0
20200730WOOB0,20200730,WO,OB,T,W,27.0,141.0,36.0,10.0,0.0,0.0,2.0,2.0,4.0,8.0,0.0,5.0,5.0
20200731WOSS0,20200731,WO,SS,T,W,27.0,151.0,35.0,8.0,1.0,0.0,0.0,0.0,5.0,5.0,0.0,3.0,3.0
20200801WOSS0,20200801,WO,SS,T,W,27.0,185.0,34.0,8.0,4.0,0.0,0.0,0.0,6.0,8.0,0.0,7.0,6.0
20200802WOSS0,20200802,WO,SS,T,W,30.0,150.0,39.0,10.0,1.0,0.0,1.0,1.0,2.0,8.0,0.0,2.0,2.0
20200804WOKT0,20200804,WO,KT,B,L,27.0,143.0,32.0,11.0,1.0,0.0,0.0,1.0,4.0,9.0,3.0,4.0,4.0
20200805WOKT0,20200805,WO,KT,B,W,27.0,128.0,34.0,10.0,1.0,0.0,1.0,0.0,2.0,3.0,1.0,3.0,2.0
20200806WOKT0,20200806,WO,KT,B,W,27.0,122.0,32.0,4.0,1.0,0.0,1.0,1.0,2.0,9.0,0.0,2.0,2.0
20200807WOLG0,20200807,WO,LG,B,L,27.0,158.0,36.0,10.0,0.0,1.0,1.0,0.0,2.0,10.0,1.0,5.0,5.0
20200808WOLG0,20200808,WO,LG,B,W,27.0,128.0,32.0,8.0,2.0,0.0,1.0,0.0,3.0,4.0,0.0,1.0,1.0
20200809WOLG0,20200809,WO,LG,B,W,27.0,116.0,30.0,4.0,2.0,0.0,1.0,0.0,1.0,8.0,1.0,1.0,1.0
20200811WOHH0,20200811,WO,HH,B,L,36.0,215.0,44.0,10.0,1.0,0.0,1.0,0.0,8.0,10.0,0.0,7.0,5.0
20200812WOHH0,20200812,WO,HH,B,W,30.0,163.0,34.0,4.0,1.0,0.0,1.0,1.0,4.0,8.0,0.0,2.0,2.0
20200813WOHH0,20200813,WO,HH,B,W,27.0,157.0,32.0,9.0,0.0,0.0,0.0,0.0,6.0,10.0,2.0,3.0,3.0
20200814WOLT0,20200814,WO,LT,T,L,24.0,122.0,31.0,11.0,2.0,0.0,0.0,0.0,5.0,6.0,0.0,5.0,5.0
20200815WOLT0,20200815,WO,LT,T,W,27.0,121.0,35.0,7.0,0.0,0.0,0.0,0.0,1.0,6.0,1.0,1.0,0.0
20200816WOLT0,20200816,WO,LT,T,W,27.0,125.0,30.0,6.0,1.0,0.0,0.0,3.0,5.0,5.0,3.0,3.0,3.0
20200818WONC0,20200818,WO,NC,T,L,24.0,124.0,27.0,7.0,3.0,0.0,1.0,0.0,3.0,4.0,1.0,5.0,5.0
20200819WONC0,20200819,WO,NC,T,W,27.0,161.0,36.0,7.0,1.0,0.0,1.0,0.0,4.0,7.0,0.0,4.0,3.0
20200820WOLG0,20200820,WO,LG,B,W,27.0,166.0,36.0,9.0,1.0,0.0,1.0,1.0,2.0,9.0,1.0,5.0,5.0
20200821WOLG0,20200821,WO,LG,B,L,27.0,159.0,36.0,10.0,1.0,1.0,2.0,1.0,6.0,6.0,0.0,7.0,7.0
20200822WOHT0,20200822,WO,HT,B,W,27.0,153.0,34.0,7.0,0.0,0.0,0.0,2.0,3.0,10.0,0.0,3.0,1.0
20200823WOHT0,20200823,WO,HT,B,L,27.0,164.0,36.0,11.0,0.0,0.0,3.0,0.0,3.0,9.0,0.0,8.0,8.0
20200825WOKT0,20200825,WO,KT,T,W,27.0,127.0,32.0,5.0,2.0,0.0,0.0,0.0,1.0,7.0,0.0,1.0,1.0
20200826WOKT0,20200826,WO,KT,T,L,27.0,210.0,36.0,10.0,2.0,0.0,1.0,1.0,7.0,6.0,2.0,6.0,6.0
20200827WOLT0,20200827,WO,LT,T,W,27.0,168.0,36.0,12.0,2.0,0.0,0.0,0.0,6.0,5.0,2.0,6.0,6.0
20200828WOLT0,20200828,WO,LT,T,W,27.0,129.0,37.0,12.0,2.0,0.0,2.0,2.0,3.0,3.0,1.0,4.0,4.0
20200829WOSS0,20200829,WO,SS,B,L,27.0,142.0,37.0,10.0,2.0,0.0,0.0,1.0,2.0,10.0,0.0,5.0,5.0
20200830WOSS0,20200830,WO,SS,B,W,27.0,131.0,34.0,10.0,0.0,0.0,0.0,2.0,1.0,5.0,1.0,2.0,2.0
20200901WONC0,20200901,WO,NC,B,L,27.0,160.0,32.0,10.0,2.0,0.0,1.0,0.0,4.0,10.0,1.0,5.0,5.0
20200902WONC0,20200902,WO,NC,B,W,27.0,136.0,34.0,9.0,3.0,0.0,1.0,0.0,4.0,5.0,2.0,4.0,4.0
20200903WOHH0,20200903,WO,HH,T,W,27.0,157.0,38.0,11.0,2.0,0.0,1.0,0.0,6.0,8.0,0.0,5.0,3.0
20200904WOHH0,20200904,WO,HH,T,L,24.0,174.0,30.0,10.0,1.0,0.0,0.0,0.0,7.0,7.0,0.0,7.0,7.0
20200905WOKT0,20200905,WO,KT,B,L,27.0,183.0,37.0,11.0,1.0,0.0,2.0,0.0,6.0,8.0,0.0,8.0,8.0
20200906WOKT0,20200906,WO,KT,B,L,27.0,187.0,38.0,12.0,2.0,0.0,0.0,0.0,5.0,6.0,1.0,8.0,7.0
20200908WOSK0,20200908,WO,SK,T,W,27.0,186.0,45.0,16.0,4.0,0.0,3.0,0.0,5.0,8.0,0.0,15.0,12.0
20200909WOSK0,20200909,WO,SK,T,W,27.0,135.0,35.0,9.0,1.0,0.0,2.0,0.0,2.0,3.0,2.0,4.0,4.0
20200910WOLG0,20200910,WO,LG,T,L,24.0,149.0,35.0,10.0,2.0,0.0,1.0,0.0,5.0,7.0,0.0,6.0,4.0
20200911WOLG0,20200911,WO,LG,T,W,27.0,153.0,33.0,8.0,1.0,0.0,0.0,1.0,3.0,11.0,0.0,2.0,2.0
20200912WOOB0,20200912,WO,OB,B,W,27.0,123.0,29.0,4.0,1.0,0.0,0.0,0.0,2.0,8.0,2.0,0.0,0.0
20200913WOOB0,20200913,WO,OB,B,D,36.0,223.0,48.0,15.0,2.0,0.0,0.0,0.0,7.0,7.0,0.0,6.0,5.0
20200915WOLT0,20200915,WO,LT,B,L,27.0,162.0,33.0,10.0,3.0,0.0,1.0,0.0,5.0,3.0,2.0,8.0,8.0
20200917WOHH0,20200917,WO,HH,B,W,27.0,128.0,29.0,3.0,0.0,0.0,0.0,0.0,2.0,13.0,0.0,2.0,2.0
20200918WOHH0,20200918,WO,HH,B,L,27.0,149.0,36.0,8.0,1.0,0.0,0.0,0.0,1.0,10.0,0.0,2.0,1.0
20200919WOSS0,20200919,WO,SS,T,W,27.0,153.0,37.0,11.0,3.0,0.0,2.0,2.0,3.0,6.0,2.0,7.0,6.0
20200920WOSS0,20200920,WO,SS,T,L,24.0,192.0,42.0,18.0,0.0,0.0,3.0,1.0,5.0,6.0,1.0,14.0,9.0
20200922WOHT0,20200922,WO,HT,T,W,27.0,131.0,30.0,4.0,0.0,0.0,0.0,0.0,3.0,8.0,1.0,0.0,0.0
20200923WOHT0,20200923,WO,HT,T,W,27.0,133.0,32.0,5.0,0.0,0.0,1.0,0.0,2.0,7.0,0.0,1.0,1.0
20200924KTHT0,20200924,KT,HT,B,L,27.0,187.0,40.0,16.0,4.0,1.0,0.0,0.0,5.0,3.0,1.0,5.0,5.0
20200924HTKT0,20200924,HT,KT,T,W,27.0,154.0,34.0,8.0,2.0,0.0,0.0,0.0,3.0,11.0,0.0,3.0,2.0
20200924NCLG0,20200924,NC,LG,B,W,27.0,169.0,35.0,9.0,1.0,0.0,4.0,1.0,7.0,11.0,1.0,8.0,8.0
20200924LGNC0,20200924,LG,NC,T,L,24.0,193.0,39.0,17.0,4.0,0.0,2.0,0.0,5.0,4.0,1.0,12.0,12.0
20200924HHLT0,20200924,HH,LT,B,W,27.0,156.0,32.0,6.0,0.0,0.0,0.0,3.0,5.0,5.0,1.0,4.0,2.0
20200924LTHH0,20200924,LT,HH,T,L,24.0,144.0,36.0,15.0,4.0,0.0,1.0,2.0,4.0,8.0,2.0,7.0,7.0
20200924WOSK0,20200924,WO,SK,B,W,27.0,125.0,29.0,6.0,1.0,0.0,0.0,1.0,4.0,8.0,3.0,1.0,1.0
20200924SKWO0,20200924,SK,WO,T,L,24.0,122.0,32.0,9.0,1.0,0.0,0.0,2.0,3.0,7.0,0.0,6.0,6.0
20200924OBSS0,20200924,OB,SS,B,W,27.0,132.0,32.0,7.0,1.0,0.0,0.0,1.0,2.0,8.0,2.0,0.0,0.0
20200924SSOB0,20200924,SS,OB,T,L,24.0,130.0,26.0,1.0,0.0,0.0,0.0,0.0,6.0,5.0,0.0,1.0,1.0
20200925KTHT0,20200925,KT,HT,B,W,27.0,159.0,37.0,12.0,2.0,0.0,0.0,0.0,3.0,4.0,1.0,3.0,3.0
20200925HTKT0,20200925,HT,KT,T,L,24.0,150.0,31.0,12.0,1.0,0.0,2.0,1.0,7.0,1.0,2.0,7.0,7.0
20200925NCLG0,20200925,NC,LG,B,W,27.0,132.0,33.0,7.0,0.0,0.0,1.0,0.0,3.0,7.0,1.0,1.0,1.0
20200925LGNC0,20200925,LG,NC,T,L,24.0,172.0,30.0,9.0,2.0,1.0,1.0,2.0,9.0,10.0,1.0,7.0,5.0
20200925HHLT0,20200925,HH,LT,B,W,30.0,177.0,37.0,13.0,0.0,0.0,2.0,0.0,4.0,6.0,3.0,5.0,5.0
20200925LTHH0,20200925,LT,HH,T,L,30.0,158.0,40.0,13.0,2.0,0.0,3.0,0.0,7.0,7.0,1.0,6.0,6.0
20200925WOSK0,20200925,WO,SK,B,L,33.0,173.0,40.0,10.0,3.0,0.0,1.0,7.0,7.0,6.0,1.0,8.0,8.0
20200925SKWO0,20200925,SK,WO,T,W,33.0,195.0,45.0,17.0,4.0,0.0,0.0,2.0,4.0,11.0,1.0,6.0,5.0
20200925OBSS0,20200925,OB,SS,B,L,27.0,131.0,31.0,7.0,0.0,0.0,1.0,2.0,2.0,7.0,1.0,4.0,3.0
20200925SSOB0,20200925,SS,OB,T,W,27.0,133.0,32.0,7.0,1.0,1.0,0.0,0.0,2.0,6.0,0.0,3.0,3.0
20200926KTLG0,20200926,KT,LG,B,L,27.0,142.0,31.0,7.0,1.0,1.0,0.0,1.0,6.0,3.0,1.0,3.0,3.0
20200926LGKT0,20200926,LG,KT,T,W,27.0,157.0,31.0,7.0,2.0,0.0,0.0,2.0,4.0,5.0,0.0,1.0,1.0
20200926HTLT0,20200926,HT,LT,B,L,27.0,174.0,44.0,18.0,7.0,0.0,1.0,0.0,5.0,5.0,0.0,16.0,16.0
20200926LTHT0,20200926,LT,HT,T,W,27.0,163.0,34.0,8.0,1.0,0.0,0.0,0.0,6.0,7.0,2.0,3.0,3.0
20200926HHNC0,20200926,HH,NC,B,L,27.0,223.0,42.0,16.0,1.0,1.0,2.0,0.0,9.0,7.0,0.0,13.0,12.0
20200926NCHH0,20200926,NC,HH,T,W,27.0,130.0,36.0,9.0,2.0,0.0,1.0,0.0,1.0,7.0,0.0,1.0,1.0
20200926SSSK0,20200926,SS,SK,B,W,27.0,145.0,32.0,8.0,0.0,0.0,1.0,0.0,2.0,10.0,0.0,2.0,2.0
20200926SKSS0,20200926,SK,SS,T,L,24.0,148.0,33.0,12.0,1.0,0.0,3.0,0.0,4.0,3.0,2.0,8.0,8.0
20200926OBWO0,20200926,OB,WO,B,W,27.0,127.0,30.0,3.0,1.0,0.0,0.0,1.0,2.0,9.0,0.0,0.0,0.0
20200926WOOB0,20200926,WO,OB,T,L,24.0,113.0,31.0,9.0,2.0,1.0,0.0,0.0,2.0,3.0,0.0,4.0,4.0
