G_ID,GDAY_DS,T_ID,VS_T_ID,TB_SC,AB,RBI,RUN,HIT,H2,H3,HR,SB,BB,KK,GD,ERR,LOB
20200721HHHT0,20200721,HH,HT,B,29.0,2.0,2.0,3.0,0.0,0.0,1.0,0.0,3.0,7.0,1.0,3.0,3.0
20200722HHHT0,20200722,HH,HT,B,29.0,1.0,1.0,4.0,1.0,0.0,0.0,0.0,5.0,14.0,1.0,1.0,7.0
20200724HHSK0,20200724,HH,SK,B,29.0,3.0,4.0,5.0,0.0,0.0,0.0,1.0,7.0,11.0,1.0,0.0,5.0
20200726HHSK0,20200726,HH,SK,B,34.0,4.0,4.0,8.0,2.0,0.0,1.0,0.0,4.0,8.0,1.0,0.0,7.0
20200727HHSK0,20200727,HH,SK,B,29.0,5.0,5.0,5.0,3.0,0.0,0.0,1.0,5.0,5.0,2.0,0.0,3.0
20200729HHSS0,20200729,HH,SS,T,44.0,8.0,12.0,18.0,1.0,0.0,1.0,0.0,4.0,7.0,1.0,0.0,10.0
20200730HHSS0,20200730,HH,SS,T,37.0,1.0,1.0,3.0,0.0,0.0,0.0,0.0,6.0,12.0,0.0,1.0,9.0
20200731HHLG0,20200731,HH,LG,T,34.0,2.0,2.0,10.0,1.0,0.0,0.0,0.0,2.0,4.0,0.0,0.0,8.0
20200801HHLG0,20200801,HH,LG,T,34.0,6.0,6.0,8.0,2.0,0.0,1.0,1.0,6.0,8.0,0.0,2.0,7.0
20200805HHNC0,20200805,HH,NC,B,33.0,6.0,8.0,12.0,2.0,0.0,1.0,0.0,7.0,5.0,2.0,0.0,11.0
20200806HHNC0,20200806,HH,NC,B,29.0,1.0,1.0,5.0,0.0,0.0,0.0,0.0,4.0,6.0,1.0,0.0,6.0
20200809HHKT0,20200809,HH,KT,B,34.0,2.0,3.0,8.0,1.0,0.0,1.0,0.0,3.0,12.0,1.0,0.0,8.0
20200811HHWO0,20200811,HH,WO,T,44.0,7.0,7.0,10.0,1.0,0.0,1.0,0.0,8.0,10.0,0.0,1.0,12.0
20200812HHWO0,20200812,HH,WO,T,34.0,2.0,2.0,4.0,1.0,0.0,1.0,1.0,4.0,8.0,0.0,0.0,6.0
20200813HHWO0,20200813,HH,WO,T,32.0,3.0,3.0,9.0,0.0,0.0,0.0,0.0,6.0,10.0,2.0,1.0,9.0
20200814HHSS0,20200814,HH,SS,B,29.0,1.0,1.0,4.0,1.0,0.0,0.0,0.0,3.0,7.0,1.0,0.0,5.0
20200815HHSS0,20200815,HH,SS,B,30.0,0.0,0.0,7.0,0.0,0.0,0.0,1.0,5.0,7.0,1.0,0.0,8.0
20200816HHSS0,20200816,HH,SS,B,26.0,3.0,3.0,2.0,1.0,0.0,0.0,0.0,5.0,4.0,1.0,0.0,4.0
20200818HHSK0,20200818,HH,SK,T,32.0,3.0,3.0,6.0,2.0,0.0,0.0,0.0,11.0,16.0,0.0,1.0,13.0
20200819HHSK0,20200819,HH,SK,T,40.0,5.0,6.0,12.0,2.0,0.0,2.0,0.0,3.0,8.0,0.0,1.0,10.0
20200820HHKT0,20200820,HH,KT,B,29.0,0.0,0.0,2.0,0.0,0.0,0.0,0.0,5.0,9.0,0.0,0.0,7.0
20200821HHKT0,20200821,HH,KT,B,35.0,5.0,5.0,11.0,2.0,0.0,1.0,0.0,2.0,6.0,1.0,0.0,8.0
20200823HHLG0,20200823,HH,LG,T,31.0,4.0,4.0,6.0,1.0,0.0,1.0,0.0,4.0,6.0,0.0,0.0,5.0
20200824HHLG0,20200824,HH,LG,T,38.0,5.0,6.0,14.0,1.0,2.0,0.0,0.0,3.0,7.0,0.0,2.0,13.0
20200825HHNC0,20200825,HH,NC,T,37.0,3.0,3.0,11.0,1.0,1.0,0.0,0.0,6.0,9.0,1.0,0.0,13.0
20200826HHNC0,20200826,HH,NC,T,34.0,5.0,5.0,7.0,1.0,0.0,1.0,0.0,5.0,8.0,2.0,2.0,7.0
20200827HHSS0,20200827,HH,SS,B,33.0,7.0,7.0,11.0,1.0,1.0,0.0,0.0,4.0,3.0,1.0,1.0,7.0
20200829HHLT0,20200829,HH,LT,T,38.0,6.0,7.0,11.0,0.0,1.0,2.0,0.0,2.0,13.0,0.0,0.0,6.0
20200830HHLT0,20200830,HH,LT,T,33.0,2.0,2.0,6.0,1.0,0.0,0.0,1.0,2.0,6.0,0.0,1.0,6.0
20200901HHOB0,20200901,HH,OB,T,29.0,0.0,0.0,3.0,0.0,0.0,0.0,0.0,0.0,9.0,1.0,1.0,2.0
20200903HHWO0,20200903,HH,WO,B,38.0,3.0,5.0,11.0,2.0,0.0,1.0,0.0,6.0,8.0,0.0,0.0,12.0
20200904HHWO0,20200904,HH,WO,B,30.0,7.0,7.0,10.0,1.0,0.0,0.0,0.0,7.0,7.0,0.0,0.0,9.0
20200905HHHT0,20200905,HH,HT,B,33.0,4.0,4.0,8.0,2.0,0.0,1.0,0.0,3.0,11.0,1.0,0.0,6.0
20200906HHHT0,20200906,HH,HT,B,36.0,4.0,4.0,10.0,1.0,0.0,2.0,0.0,0.0,13.0,0.0,1.0,5.0
20200908HHSS0,20200908,HH,SS,T,36.0,4.0,4.0,10.0,2.0,0.0,0.0,0.0,3.0,9.0,0.0,1.0,9.0
20200909HHSS1,20200909,HH,SS,T,37.0,7.0,7.0,12.0,1.0,0.0,1.0,0.0,6.0,10.0,1.0,1.0,9.0
20200909HHSS0,20200909,HH,SS,T,38.0,4.0,4.0,10.0,1.0,0.0,2.0,0.0,3.0,5.0,1.0,0.0,11.0
20200910HHSK0,20200910,HH,SK,B,30.0,1.0,1.0,5.0,0.0,0.0,0.0,0.0,4.0,9.0,2.0,0.0,6.0
20200911HHSK0,20200911,HH,SK,B,34.0,3.0,3.0,6.0,1.0,0.0,0.0,0.0,4.0,12.0,1.0,1.0,8.0
20200912HHKT0,20200912,HH,KT,T,35.0,2.0,2.0,7.0,0.0,0.0,0.0,1.0,1.0,10.0,0.0,0.0,7.0
20200913HHKT0,20200913,HH,KT,T,30.0,4.0,4.0,6.0,1.0,0.0,0.0,2.0,7.0,6.0,0.0,0.0,8.0
20200915HHLG0,20200915,HH,LG,B,38.0,6.0,6.0,11.0,1.0,0.0,0.0,0.0,7.0,10.0,2.0,2.0,10.0
20200916HHLG0,20200916,HH,LG,B,35.0,5.0,5.0,9.0,0.0,1.0,2.0,0.0,4.0,11.0,1.0,1.0,7.0
20200917HHWO0,20200917,HH,WO,T,29.0,2.0,2.0,3.0,0.0,0.0,0.0,0.0,2.0,13.0,0.0,0.0,3.0
20200918HHWO0,20200918,HH,WO,T,36.0,2.0,2.0,8.0,1.0,0.0,0.0,0.0,1.0,10.0,0.0,0.0,8.0
20200919HHHT0,20200919,HH,HT,T,31.0,0.0,0.0,5.0,0.0,0.0,0.0,0.0,0.0,11.0,0.0,1.0,4.0
20200920HHHT0,20200920,HH,HT,T,40.0,11.0,11.0,16.0,4.0,0.0,1.0,0.0,8.0,10.0,0.0,0.0,12.0
20200922HHOB0,20200922,HH,OB,B,29.0,5.0,5.0,6.0,0.0,0.0,1.0,0.0,5.0,16.0,0.0,0.0,6.0
20200923HHOB0,20200923,HH,OB,B,34.0,6.0,6.0,12.0,3.0,0.0,1.0,1.0,3.0,13.0,1.0,0.0,8.0
20200721HTHH0,20200721,HT,HH,T,41.0,9.0,10.0,16.0,2.0,0.0,2.0,0.0,9.0,8.0,2.0,0.0,13.0
20200722HTHH0,20200722,HT,HH,T,30.0,2.0,2.0,5.0,0.0,0.0,0.0,0.0,4.0,10.0,0.0,0.0,8.0
20200725HTSS0,20200725,HT,SS,B,31.0,8.0,8.0,11.0,2.0,0.0,0.0,0.0,3.0,9.0,1.0,0.0,5.0
20200726HTSS0,20200726,HT,SS,B,37.0,6.0,8.0,12.0,2.0,1.0,0.0,0.0,4.0,5.0,0.0,0.0,9.0
20200730HTKT0,20200730,HT,KT,B,33.0,1.0,1.0,8.0,3.0,0.0,0.0,0.0,2.0,8.0,1.0,1.0,8.0
20200731HTLT0,20200731,HT,LT,T,34.0,2.0,3.0,8.0,1.0,0.0,0.0,0.0,4.0,10.0,1.0,3.0,8.0
20200801HTLT0,20200801,HT,LT,T,34.0,3.0,3.0,9.0,2.0,0.0,1.0,0.0,2.0,9.0,1.0,3.0,6.0
20200802HTLT0,20200802,HT,LT,T,30.0,0.0,0.0,4.0,2.0,0.0,0.0,0.0,2.0,10.0,1.0,2.0,5.0
20200804HTLG0,20200804,HT,LG,B,36.0,5.0,5.0,8.0,1.0,0.0,1.0,0.0,4.0,10.0,0.0,0.0,8.0
20200805HTLG0,20200805,HT,LG,B,35.0,4.0,4.0,9.0,1.0,0.0,0.0,1.0,2.0,11.0,0.0,0.0,7.0
20200806HTLG0,20200806,HT,LG,B,35.0,13.0,13.0,12.0,3.0,0.0,4.0,2.0,7.0,8.0,1.0,0.0,5.0
20200808HTNC0,20200808,HT,NC,B,28.0,3.0,3.0,4.0,1.0,0.0,1.0,0.0,0.0,9.0,0.0,0.0,1.0
20200809HTNC0,20200809,HT,NC,B,32.0,1.0,1.0,4.0,0.0,0.0,0.0,0.0,9.0,7.0,0.0,0.0,13.0
20200811HTLG0,20200811,HT,LG,T,35.0,8.0,8.0,11.0,3.0,0.0,0.0,0.0,7.0,3.0,1.0,0.0,8.0
20200812HTLG0,20200812,HT,LG,T,29.0,0.0,0.0,2.0,0.0,0.0,0.0,0.0,6.0,14.0,0.0,0.0,8.0
20200813HTLG0,20200813,HT,LG,T,32.0,1.0,2.0,5.0,1.0,0.0,1.0,1.0,1.0,8.0,0.0,1.0,4.0
20200814HTSK0,20200814,HT,SK,B,31.0,6.0,7.0,7.0,2.0,0.0,1.0,0.0,9.0,3.0,0.0,1.0,8.0
20200815HTSK0,20200815,HT,SK,B,41.0,10.0,10.0,17.0,2.0,1.0,1.0,0.0,3.0,5.0,0.0,0.0,10.0
20200816HTSK0,20200816,HT,SK,B,38.0,7.0,8.0,15.0,2.0,0.0,1.0,0.0,3.0,10.0,0.0,0.0,9.0
20200818HTLG0,20200818,HT,LG,T,40.0,5.0,5.0,11.0,2.0,0.0,0.0,0.0,5.0,8.0,0.0,1.0,11.0
20200819HTLG0,20200819,HT,LG,T,34.0,1.0,1.0,8.0,0.0,0.0,0.0,0.0,2.0,9.0,1.0,2.0,8.0
20200820HTNC0,20200820,HT,NC,B,33.0,1.0,2.0,5.0,0.0,0.0,0.0,0.0,6.0,10.0,0.0,1.0,10.0
20200821HTNC0,20200821,HT,NC,B,34.0,4.0,4.0,9.0,0.0,0.0,2.0,1.0,3.0,5.0,0.0,2.0,7.0
20200822HTWO0,20200822,HT,WO,T,34.0,3.0,3.0,7.0,0.0,0.0,0.0,2.0,3.0,10.0,0.0,1.0,7.0
20200823HTWO0,20200823,HT,WO,T,36.0,8.0,8.0,11.0,0.0,0.0,3.0,0.0,3.0,9.0,0.0,0.0,6.0
20200825HTOB0,20200825,HT,OB,T,34.0,8.0,8.0,9.0,2.0,0.0,1.0,2.0,11.0,5.0,2.0,1.0,10.0
20200826HTOB0,20200826,HT,OB,T,41.0,7.0,7.0,15.0,1.0,0.0,1.0,0.0,4.0,5.0,0.0,1.0,12.0
20200827HTSK0,20200827,HT,SK,T,33.0,3.0,4.0,8.0,2.0,0.0,0.0,0.0,3.0,12.0,0.0,1.0,6.0
20200828HTSK0,20200828,HT,SK,T,39.0,11.0,11.0,13.0,0.0,0.0,4.0,0.0,4.0,8.0,0.0,1.0,7.0
20200830HTKT1,20200830,HT,KT,B,34.0,7.0,7.0,10.0,2.0,0.0,1.0,1.0,4.0,1.0,1.0,2.0,7.0
20200830HTKT0,20200830,HT,KT,B,33.0,5.0,5.0,10.0,1.0,0.0,0.0,0.0,4.0,8.0,1.0,3.0,8.0
20200901HTSS0,20200901,HT,SS,B,31.0,6.0,6.0,9.0,2.0,0.0,1.0,0.0,9.0,9.0,0.0,1.0,10.0
20200903HTLT0,20200903,HT,LT,T,36.0,4.0,4.0,10.0,1.0,0.0,2.0,0.0,1.0,7.0,0.0,0.0,7.0
20200904HTLT0,20200904,HT,LT,T,34.0,5.0,6.0,8.0,3.0,0.0,1.0,0.0,4.0,7.0,1.0,0.0,7.0
20200904HTLT1,20200904,HT,LT,T,37.0,7.0,7.0,10.0,2.0,0.0,1.0,1.0,3.0,11.0,1.0,0.0,6.0
20200905HTHH0,20200905,HT,HH,T,36.0,5.0,5.0,13.0,4.0,0.0,0.0,0.0,6.0,5.0,1.0,1.0,12.0
20200906HTHH0,20200906,HT,HH,T,35.0,8.0,8.0,10.0,5.0,0.0,1.0,0.0,4.0,9.0,0.0,0.0,6.0
20200908HTLG0,20200908,HT,LG,B,31.0,3.0,3.0,7.0,4.0,0.0,0.0,0.0,3.0,5.0,1.0,0.0,7.0
20200910HTOB0,20200910,HT,OB,B,32.0,4.0,4.0,7.0,0.0,1.0,1.0,0.0,4.0,7.0,0.0,0.0,5.0
20200912HTNC0,20200912,HT,NC,T,40.0,10.0,11.0,14.0,5.0,0.0,2.0,0.0,8.0,2.0,0.0,0.0,10.0
20200913HTNC0,20200913,HT,NC,T,33.0,4.0,4.0,10.0,1.0,0.0,0.0,0.0,3.0,5.0,1.0,1.0,7.0
20200915HTSK0,20200915,HT,SK,B,29.0,1.0,1.0,5.0,0.0,0.0,0.0,0.0,5.0,4.0,3.0,3.0,6.0
20200916HTSK0,20200916,HT,SK,B,33.0,6.0,6.0,10.0,1.0,0.0,1.0,0.0,6.0,6.0,1.0,1.0,8.0
20200917HTSS0,20200917,HT,SS,T,40.0,11.0,12.0,16.0,4.0,0.0,3.0,0.0,3.0,6.0,1.0,0.0,5.0
20200918HTSS0,20200918,HT,SS,T,39.0,13.0,13.0,15.0,2.0,0.0,2.0,0.0,8.0,4.0,1.0,2.0,9.0
20200919HTHH0,20200919,HT,HH,B,29.0,7.0,8.0,10.0,2.0,0.0,0.0,1.0,4.0,4.0,0.0,0.0,3.0
20200920HTHH0,20200920,HT,HH,B,33.0,3.0,3.0,9.0,1.0,0.0,1.0,0.0,4.0,7.0,1.0,0.0,8.0
20200922HTWO0,20200922,HT,WO,B,30.0,0.0,0.0,4.0,0.0,0.0,0.0,0.0,3.0,8.0,1.0,1.0,6.0
20200923HTWO0,20200923,HT,WO,B,32.0,1.0,1.0,5.0,0.0,0.0,1.0,0.0,2.0,7.0,0.0,0.0,6.0
20200721KTLG0,20200721,KT,LG,B,34.0,10.0,10.0,12.0,0.0,0.0,3.0,1.0,4.0,7.0,1.0,1.0,5.0
20200724KTNC0,20200724,KT,NC,B,33.0,1.0,2.0,6.0,1.0,0.0,1.0,2.0,6.0,10.0,0.0,0.0,10.0
20200725KTNC0,20200725,KT,NC,B,29.0,6.0,6.0,8.0,4.0,0.0,1.0,0.0,4.0,9.0,2.0,0.0,3.0
20200726KTNC0,20200726,KT,NC,B,34.0,5.0,5.0,8.0,0.0,0.0,3.0,2.0,2.0,8.0,1.0,0.0,7.0
20200730KTHT0,20200730,KT,HT,T,31.0,4.0,4.0,11.0,2.0,0.0,0.0,1.0,5.0,6.0,1.0,1.0,7.0
20200731KTSK0,20200731,KT,SK,B,39.0,11.0,11.0,16.0,3.0,0.0,4.0,0.0,3.0,8.0,0.0,2.0,7.0
20200801KTSK0,20200801,KT,SK,B,36.0,10.0,11.0,13.0,1.0,1.0,3.0,0.0,5.0,2.0,2.0,0.0,6.0
20200804KTWO0,20200804,KT,WO,T,32.0,3.0,4.0,11.0,1.0,0.0,0.0,1.0,4.0,9.0,3.0,0.0,7.0
20200805KTWO0,20200805,KT,WO,T,34.0,3.0,3.0,10.0,1.0,0.0,1.0,0.0,2.0,3.0,1.0,2.0,6.0
20200806KTWO0,20200806,KT,WO,T,32.0,2.0,2.0,4.0,1.0,0.0,1.0,1.0,2.0,9.0,0.0,0.0,5.0
20200809KTHH0,20200809,KT,HH,T,37.0,6.0,6.0,12.0,5.0,0.0,1.0,0.0,5.0,9.0,1.0,1.0,9.0
20200811KTSK0,20200811,KT,SK,B,31.0,6.0,6.0,11.0,2.0,0.0,1.0,0.0,6.0,8.0,2.0,2.0,8.0
20200812KTSK0,20200812,KT,SK,B,27.0,1.0,2.0,2.0,1.0,0.0,0.0,0.0,3.0,3.0,2.0,1.0,1.0
20200813KTSK0,20200813,KT,SK,B,36.0,5.0,6.0,10.0,2.0,0.0,1.0,1.0,11.0,17.0,1.0,1.0,15.0
20200814KTOB0,20200814,KT,OB,T,47.0,4.0,5.0,12.0,3.0,0.0,0.0,2.0,1.0,7.0,0.0,0.0,8.0
20200815KTOB0,20200815,KT,OB,T,34.0,4.0,5.0,7.0,2.0,1.0,1.0,1.0,7.0,8.0,0.0,1.0,9.0
20200816KTOB0,20200816,KT,OB,T,35.0,4.0,4.0,11.0,5.0,0.0,0.0,1.0,3.0,5.0,1.0,0.0,10.0
20200818KTSS0,20200818,KT,SS,T,33.0,5.0,6.0,9.0,1.0,0.0,1.0,0.0,8.0,7.0,0.0,2.0,9.0
20200819KTSS0,20200819,KT,SS,T,31.0,6.0,6.0,6.0,1.0,0.0,1.0,0.0,5.0,8.0,1.0,1.0,4.0
20200820KTHH0,20200820,KT,HH,T,31.0,3.0,3.0,6.0,0.0,0.0,1.0,3.0,4.0,5.0,1.0,0.0,6.0
20200821KTHH0,20200821,KT,HH,T,30.0,1.0,1.0,4.0,0.0,0.0,1.0,0.0,5.0,12.0,1.0,1.0,7.0
20200823KTNC0,20200823,KT,NC,B,34.0,10.0,10.0,13.0,2.0,0.0,3.0,0.0,8.0,6.0,1.0,0.0,8.0
20200824KTNC0,20200824,KT,NC,B,37.0,8.0,8.0,14.0,1.0,0.0,1.0,1.0,4.0,9.0,0.0,0.0,9.0
20200825KTWO0,20200825,KT,WO,B,32.0,1.0,1.0,5.0,2.0,0.0,0.0,0.0,1.0,7.0,0.0,3.0,5.0
20200826KTWO0,20200826,KT,WO,B,36.0,5.0,6.0,10.0,2.0,0.0,1.0,1.0,7.0,6.0,2.0,0.0,10.0
20200827KTLG0,20200827,KT,LG,T,29.0,0.0,0.0,2.0,1.0,0.0,0.0,0.0,6.0,5.0,0.0,1.0,8.0
20200828KTLG0,20200828,KT,LG,T,36.0,5.0,5.0,5.0,1.0,0.0,2.0,1.0,4.0,13.0,1.0,0.0,2.0
20200830KTHT0,20200830,KT,HT,T,34.0,8.0,8.0,7.0,2.0,0.0,1.0,0.0,11.0,7.0,0.0,1.0,11.0
20200830KTHT1,20200830,KT,HT,T,37.0,4.0,5.0,10.0,1.0,1.0,1.0,1.0,3.0,10.0,0.0,2.0,9.0
20200901KTLT0,20200901,KT,LT,B,37.0,10.0,11.0,14.0,2.0,0.0,2.0,2.0,3.0,7.0,1.0,0.0,6.0
20200903KTSK0,20200903,KT,SK,B,34.0,6.0,6.0,12.0,3.0,0.0,0.0,1.0,4.0,6.0,1.0,0.0,8.0
20200904KTSK0,20200904,KT,SK,B,35.0,9.0,10.0,13.0,3.0,0.0,3.0,2.0,3.0,7.0,0.0,0.0,4.0
20200904KTSK1,20200904,KT,SK,B,33.0,7.0,7.0,9.0,2.0,0.0,2.0,0.0,9.0,3.0,1.0,0.0,10.0
20200905KTWO0,20200905,KT,WO,T,37.0,8.0,8.0,11.0,1.0,0.0,2.0,0.0,6.0,8.0,0.0,0.0,9.0
20200906KTWO0,20200906,KT,WO,T,38.0,7.0,8.0,12.0,2.0,0.0,0.0,0.0,5.0,6.0,1.0,0.0,10.0
20200908KTOB0,20200908,KT,OB,T,33.0,0.0,0.0,6.0,1.0,0.0,0.0,0.0,5.0,7.0,0.0,0.0,11.0
20200909KTOB0,20200909,KT,OB,T,38.0,4.0,4.0,5.0,0.0,0.0,1.0,1.0,4.0,13.0,0.0,0.0,6.0
20200910KTNC0,20200910,KT,NC,T,32.0,8.0,8.0,8.0,0.0,1.0,4.0,0.0,4.0,7.0,1.0,1.0,2.0
20200911KTNC0,20200911,KT,NC,T,31.0,1.0,1.0,6.0,0.0,1.0,1.0,0.0,6.0,10.0,1.0,0.0,10.0
20200912KTHH0,20200912,KT,HH,B,31.0,5.0,5.0,9.0,1.0,0.0,0.0,3.0,6.0,3.0,0.0,0.0,9.0
20200913KTHH0,20200913,KT,HH,B,33.0,5.0,5.0,12.0,1.0,0.0,0.0,0.0,3.0,11.0,2.0,0.0,8.0
20200915KTSS0,20200915,KT,SS,B,36.0,0.0,0.0,8.0,1.0,0.0,0.0,0.0,2.0,11.0,1.0,1.0,11.0
20200916KTSS0,20200916,KT,SS,B,43.0,11.0,11.0,19.0,4.0,0.0,1.0,0.0,3.0,8.0,0.0,0.0,11.0
20200917KTOB0,20200917,KT,OB,B,31.0,3.0,3.0,9.0,1.0,1.0,0.0,3.0,3.0,8.0,0.0,3.0,8.0
20200918KTOB0,20200918,KT,OB,B,40.0,5.0,5.0,11.0,1.0,0.0,2.0,0.0,5.0,11.0,1.0,1.0,10.0
20200919KTSK0,20200919,KT,SK,T,34.0,5.0,5.0,8.0,0.0,0.0,0.0,1.0,6.0,11.0,1.0,1.0,9.0
20200920KTSK0,20200920,KT,SK,T,37.0,10.0,10.0,11.0,2.0,0.0,1.0,2.0,5.0,10.0,0.0,1.0,6.0
20200922KTLT0,20200922,KT,LT,T,28.0,0.0,0.0,2.0,0.0,0.0,0.0,0.0,2.0,10.0,0.0,0.0,3.0
20200923KTLT0,20200923,KT,LT,T,42.0,9.0,10.0,16.0,3.0,0.0,1.0,1.0,4.0,5.0,0.0,0.0,9.0
20200721LGKT0,20200721,LG,KT,T,38.0,9.0,9.0,13.0,4.0,0.0,2.0,0.0,6.0,7.0,1.0,0.0,8.0
20200724LGOB0,20200724,LG,OB,T,40.0,8.0,8.0,15.0,2.0,1.0,2.0,1.0,6.0,3.0,1.0,0.0,11.0
20200725LGOB0,20200725,LG,OB,T,35.0,2.0,3.0,10.0,3.0,0.0,0.0,0.0,1.0,8.0,3.0,0.0,6.0
20200726LGOB0,20200726,LG,OB,T,33.0,4.0,4.0,7.0,0.0,1.0,0.0,2.0,2.0,8.0,1.0,0.0,5.0
20200728LGSK0,20200728,LG,SK,T,49.0,23.0,24.0,23.0,3.0,1.0,6.0,0.0,9.0,6.0,1.0,0.0,7.0
20200729LGSK0,20200729,LG,SK,T,36.0,11.0,11.0,13.0,0.0,0.0,3.0,1.0,9.0,7.0,2.0,0.0,7.0
20200730LGSK0,20200730,LG,SK,T,39.0,9.0,9.0,13.0,3.0,0.0,1.0,1.0,6.0,6.0,1.0,0.0,9.0
20200731LGHH0,20200731,LG,HH,B,29.0,1.0,1.0,4.0,2.0,0.0,0.0,0.0,2.0,9.0,0.0,0.0,3.0
20200801LGHH0,20200801,LG,HH,B,39.0,9.0,9.0,15.0,3.0,0.0,0.0,0.0,2.0,7.0,0.0,0.0,8.0
20200804LGHT0,20200804,LG,HT,T,41.0,15.0,15.0,16.0,1.0,2.0,3.0,0.0,6.0,9.0,1.0,1.0,5.0
20200805LGHT0,20200805,LG,HT,T,35.0,6.0,6.0,11.0,3.0,0.0,2.0,0.0,5.0,10.0,2.0,0.0,8.0
20200806LGHT0,20200806,LG,HT,T,28.0,1.0,1.0,4.0,0.0,0.0,0.0,0.0,1.0,7.0,0.0,0.0,2.0
20200807LGWO0,20200807,LG,WO,T,36.0,5.0,5.0,10.0,0.0,1.0,1.0,0.0,2.0,10.0,1.0,0.0,7.0
20200808LGWO0,20200808,LG,WO,T,32.0,1.0,1.0,8.0,2.0,0.0,1.0,0.0,3.0,4.0,0.0,0.0,7.0
20200809LGWO0,20200809,LG,WO,T,30.0,1.0,1.0,4.0,2.0,0.0,1.0,0.0,1.0,8.0,1.0,3.0,3.0
20200811LGHT0,20200811,LG,HT,B,36.0,4.0,4.0,9.0,2.0,0.0,1.0,0.0,1.0,11.0,0.0,1.0,6.0
20200812LGHT0,20200812,LG,HT,B,34.0,8.0,8.0,12.0,5.0,0.0,0.0,1.0,3.0,9.0,2.0,0.0,5.0
20200813LGHT0,20200813,LG,HT,B,29.0,4.0,4.0,8.0,1.0,0.0,2.0,0.0,5.0,6.0,0.0,1.0,7.0
20200814LGNC0,20200814,LG,NC,T,43.0,10.0,10.0,18.0,2.0,1.0,4.0,0.0,5.0,6.0,1.0,1.0,12.0
20200815LGNC0,20200815,LG,NC,T,40.0,11.0,13.0,15.0,4.0,0.0,2.0,0.0,4.0,9.0,0.0,0.0,5.0
20200816LGNC0,20200816,LG,NC,T,32.0,6.0,6.0,7.0,0.0,0.0,2.0,0.0,8.0,3.0,1.0,0.0,8.0
20200818LGHT0,20200818,LG,HT,B,37.0,6.0,6.0,12.0,1.0,0.0,2.0,1.0,2.0,13.0,2.0,0.0,6.0
20200819LGHT0,20200819,LG,HT,B,34.0,9.0,10.0,12.0,2.0,2.0,1.0,1.0,10.0,3.0,2.0,0.0,11.0
20200820LGWO0,20200820,LG,WO,T,36.0,5.0,5.0,9.0,1.0,0.0,1.0,1.0,2.0,9.0,1.0,1.0,6.0
20200821LGWO0,20200821,LG,WO,T,36.0,7.0,7.0,10.0,1.0,1.0,2.0,1.0,6.0,6.0,0.0,0.0,8.0
20200823LGHH0,20200823,LG,HH,B,30.0,3.0,3.0,6.0,1.0,0.0,0.0,0.0,7.0,8.0,3.0,1.0,7.0
20200824LGHH0,20200824,LG,HH,B,32.0,3.0,3.0,5.0,1.0,0.0,0.0,1.0,5.0,6.0,1.0,1.0,7.0
20200825LGSS0,20200825,LG,SS,T,33.0,3.0,3.0,7.0,1.0,0.0,1.0,1.0,7.0,8.0,0.0,0.0,10.0
20200826LGSS0,20200826,LG,SS,T,36.0,8.0,8.0,10.0,1.0,0.0,4.0,0.0,3.0,7.0,0.0,1.0,4.0
20200827LGKT0,20200827,LG,KT,B,29.0,1.0,2.0,6.0,0.0,1.0,0.0,1.0,2.0,7.0,1.0,0.0,5.0
20200828LGKT0,20200828,LG,KT,B,40.0,5.0,6.0,12.0,3.0,0.0,0.0,0.0,5.0,6.0,2.0,0.0,9.0
20200829LGOB0,20200829,LG,OB,B,37.0,5.0,5.0,10.0,2.0,0.0,2.0,0.0,1.0,13.0,0.0,0.0,6.0
20200830LGOB0,20200830,LG,OB,B,30.0,4.0,4.0,8.0,2.0,0.0,1.0,2.0,6.0,6.0,1.0,0.0,9.0
20200901LGSK0,20200901,LG,SK,T,38.0,12.0,13.0,11.0,3.0,0.0,3.0,0.0,9.0,10.0,0.0,0.0,9.0
20200903LGNC0,20200903,LG,NC,B,32.0,6.0,6.0,9.0,1.0,0.0,1.0,0.0,2.0,8.0,2.0,2.0,5.0
20200904LGNC0,20200904,LG,NC,B,46.0,5.0,5.0,13.0,3.0,1.0,0.0,2.0,9.0,14.0,1.0,1.0,16.0
20200906LGLT0,20200906,LG,LT,T,42.0,6.0,7.0,14.0,4.0,0.0,2.0,0.0,1.0,8.0,0.0,1.0,10.0
20200907LGLT0,20200907,LG,LT,T,40.0,5.0,6.0,16.0,2.0,0.0,1.0,0.0,3.0,9.0,2.0,0.0,10.0
20200908LGHT0,20200908,LG,HT,T,35.0,2.0,2.0,11.0,3.0,1.0,0.0,0.0,8.0,3.0,2.0,1.0,14.0
20200910LGWO0,20200910,LG,WO,B,35.0,6.0,6.0,10.0,2.0,0.0,1.0,0.0,5.0,7.0,0.0,0.0,10.0
20200911LGWO0,20200911,LG,WO,B,33.0,2.0,2.0,8.0,1.0,0.0,0.0,1.0,3.0,11.0,0.0,0.0,9.0
20200912LGSS0,20200912,LG,SS,B,29.0,1.0,1.0,2.0,0.0,0.0,1.0,1.0,1.0,6.0,0.0,0.0,2.0
20200913LGSS0,20200913,LG,SS,B,31.0,0.0,0.0,4.0,1.0,0.0,0.0,0.0,1.0,10.0,0.0,1.0,5.0
20200915LGHH0,20200915,LG,HH,T,39.0,4.0,5.0,8.0,2.0,0.0,1.0,3.0,3.0,14.0,0.0,0.0,7.0
20200916LGHH0,20200916,LG,HH,T,40.0,9.0,11.0,15.0,8.0,0.0,0.0,0.0,6.0,5.0,2.0,0.0,8.0
20200917LGLT0,20200917,LG,LT,B,34.0,9.0,9.0,8.0,0.0,0.0,2.0,1.0,4.0,6.0,0.0,1.0,6.0
20200918LGLT0,20200918,LG,LT,B,34.0,3.0,3.0,7.0,1.0,0.0,1.0,1.0,4.0,6.0,0.0,2.0,8.0
20200919LGOB0,20200919,LG,OB,T,40.0,9.0,9.0,18.0,1.0,0.0,2.0,2.0,4.0,6.0,2.0,1.0,11.0
20200920LGOB0,20200920,LG,OB,T,37.0,5.0,5.0,10.0,3.0,1.0,2.0,0.0,1.0,11.0,0.0,1.0,6.0
20200922LGSK0,20200922,LG,SK,B,30.0,6.0,7.0,7.0,1.0,0.0,0.0,2.0,5.0,5.0,2.0,2.0,4.0
20200923LGSK0,20200923,LG,SK,B,31.0,6.0,6.0,10.0,2.0,0.0,1.0,0.0,1.0,6.0,0.0,1.0,3.0
20200721LTSK0,20200721,LT,SK,T,35.0,7.0,7.0,10.0,1.0,0.0,1.0,1.0,5.0,4.0,1.0,0.0,6.0
20200724LTWO0,20200724,LT,WO,T,33.0,3.0,4.0,9.0,1.0,0.0,0.0,2.0,6.0,8.0,1.0,0.0,9.0
20200725LTWO0,20200725,LT,WO,T,35.0,6.0,6.0,9.0,2.0,0.0,0.0,0.0,5.0,11.0,0.0,0.0,7.0
20200726LTWO0,20200726,LT,WO,T,34.0,1.0,1.0,8.0,3.0,0.0,0.0,1.0,3.0,4.0,2.0,0.0,9.0
20200728LTNC0,20200728,LT,NC,B,36.0,11.0,11.0,14.0,3.0,0.0,2.0,0.0,8.0,6.0,1.0,1.0,9.0
20200731LTHT0,20200731,LT,HT,B,33.0,1.0,2.0,6.0,2.0,0.0,0.0,0.0,3.0,5.0,3.0,1.0,7.0
20200801LTHT0,20200801,LT,HT,B,31.0,6.0,7.0,10.0,3.0,0.0,2.0,0.0,5.0,3.0,2.0,0.0,6.0
20200802LTHT0,20200802,LT,HT,B,34.0,8.0,8.0,11.0,4.0,0.0,0.0,0.0,4.0,6.0,2.0,0.0,7.0
20200804LTSK0,20200804,LT,SK,T,41.0,8.0,8.0,15.0,3.0,0.0,1.0,0.0,5.0,2.0,1.0,0.0,11.0
20200806LTSK0,20200806,LT,SK,T,33.0,8.0,8.0,6.0,0.0,0.0,2.0,0.0,6.0,6.0,0.0,0.0,4.0
20200807LTOB0,20200807,LT,OB,T,39.0,7.0,8.0,12.0,2.0,0.0,2.0,0.0,9.0,6.0,1.0,0.0,14.0
20200808LTOB0,20200808,LT,OB,T,22.0,1.0,1.0,6.0,1.0,0.0,0.0,0.0,1.0,6.0,1.0,0.0,5.0
20200812LTNC0,20200812,LT,NC,B,33.0,8.0,8.0,13.0,3.0,0.0,1.0,0.0,6.0,4.0,1.0,0.0,9.0
20200813LTNC0,20200813,LT,NC,B,33.0,2.0,2.0,7.0,1.0,0.0,0.0,0.0,0.0,6.0,1.0,0.0,4.0
20200814LTWO0,20200814,LT,WO,B,31.0,5.0,5.0,11.0,2.0,0.0,0.0,0.0,5.0,6.0,0.0,1.0,9.0
20200815LTWO0,20200815,LT,WO,B,35.0,1.0,1.0,7.0,0.0,0.0,0.0,0.0,1.0,6.0,1.0,0.0,8.0
20200816LTWO0,20200816,LT,WO,B,30.0,3.0,3.0,6.0,1.0,0.0,0.0,3.0,5.0,5.0,3.0,0.0,6.0
20200818LTOB0,20200818,LT,OB,B,34.0,2.0,2.0,6.0,0.0,1.0,1.0,0.0,2.0,7.0,0.0,4.0,7.0
20200819LTOB0,20200819,LT,OB,B,31.0,6.0,7.0,10.0,3.0,0.0,0.0,4.0,1.0,3.0,1.0,1.0,4.0
20200820LTOB0,20200820,LT,OB,T,36.0,6.0,6.0,11.0,2.0,1.0,1.0,2.0,7.0,7.0,1.0,0.0,11.0
20200821LTOB0,20200821,LT,OB,T,31.0,0.0,0.0,3.0,1.0,0.0,0.0,2.0,2.0,8.0,0.0,1.0,6.0
20200822LTSS0,20200822,LT,SS,T,39.0,4.0,5.0,13.0,2.0,0.0,1.0,1.0,2.0,5.0,0.0,1.0,10.0
20200823LTSS0,20200823,LT,SS,T,37.0,10.0,11.0,10.0,2.0,0.0,3.0,1.0,6.0,7.0,0.0,0.0,5.0
20200825LTSK0,20200825,LT,SK,B,38.0,8.0,8.0,11.0,1.0,0.0,1.0,0.0,4.0,6.0,1.0,1.0,8.0
20200826LTSK0,20200826,LT,SK,B,28.0,3.0,3.0,4.0,0.0,0.0,0.0,0.0,9.0,4.0,0.0,0.0,10.0
20200827LTWO0,20200827,LT,WO,B,36.0,5.0,6.0,12.0,2.0,0.0,0.0,0.0,6.0,5.0,2.0,2.0,10.0
20200828LTWO0,20200828,LT,WO,B,37.0,4.0,4.0,12.0,2.0,0.0,2.0,2.0,3.0,3.0,1.0,1.0,9.0
20200829LTHH0,20200829,LT,HH,B,33.0,9.0,9.0,11.0,3.0,0.0,4.0,1.0,6.0,5.0,1.0,1.0,7.0
20200830LTHH0,20200830,LT,HH,B,34.0,5.0,6.0,10.0,3.0,0.0,0.0,2.0,3.0,6.0,1.0,1.0,7.0
20200901LTKT0,20200901,LT,KT,T,29.0,2.0,2.0,6.0,1.0,0.0,0.0,0.0,6.0,3.0,2.0,1.0,6.0
20200903LTHT0,20200903,LT,HT,B,30.0,3.0,3.0,5.0,2.0,0.0,0.0,1.0,3.0,6.0,1.0,0.0,3.0
20200904LTHT0,20200904,LT,HT,B,29.0,3.0,3.0,5.0,0.0,0.0,0.0,0.0,6.0,10.0,2.0,2.0,6.0
20200904LTHT1,20200904,LT,HT,B,34.0,7.0,9.0,14.0,0.0,0.0,2.0,1.0,3.0,4.0,3.0,0.0,5.0
20200906LTLG0,20200906,LT,LG,B,29.0,1.0,1.0,3.0,1.0,0.0,0.0,0.0,4.0,4.0,1.0,2.0,5.0
20200907LTLG0,20200907,LT,LG,B,39.0,12.0,12.0,16.0,6.0,0.0,2.0,0.0,6.0,4.0,1.0,1.0,9.0
20200908LTNC0,20200908,LT,NC,T,33.0,2.0,2.0,6.0,1.0,0.0,0.0,1.0,5.0,6.0,0.0,1.0,9.0
20200909LTNC0,20200909,LT,NC,T,36.0,7.0,7.0,8.0,3.0,0.0,0.0,0.0,10.0,7.0,0.0,2.0,11.0
20200910LTSS0,20200910,LT,SS,B,45.0,12.0,13.0,21.0,3.0,0.0,2.0,0.0,5.0,6.0,0.0,1.0,13.0
20200911LTSS0,20200911,LT,SS,B,37.0,12.0,12.0,14.0,2.0,0.0,1.0,0.0,8.0,8.0,1.0,2.0,9.0
20200912LTSK0,20200912,LT,SK,T,30.0,1.0,1.0,6.0,0.0,0.0,0.0,0.0,5.0,6.0,1.0,1.0,8.0
20200913LTSK0,20200913,LT,SK,T,29.0,1.0,1.0,5.0,0.0,0.0,0.0,0.0,6.0,1.0,2.0,0.0,8.0
20200915LTWO0,20200915,LT,WO,T,33.0,8.0,8.0,10.0,3.0,0.0,1.0,0.0,5.0,3.0,2.0,1.0,4.0
20200917LTLG0,20200917,LT,LG,T,34.0,1.0,1.0,8.0,2.0,0.0,0.0,0.0,0.0,5.0,2.0,3.0,6.0
20200918LTLG0,20200918,LT,LG,T,36.0,5.0,5.0,8.0,1.0,0.0,0.0,3.0,4.0,8.0,1.0,0.0,8.0
20200919LTNC0,20200919,LT,NC,B,30.0,5.0,5.0,7.0,1.0,0.0,2.0,0.0,8.0,8.0,1.0,0.0,9.0
20200920LTNC1,20200920,LT,NC,B,36.0,2.0,2.0,11.0,0.0,0.0,0.0,0.0,5.0,8.0,2.0,0.0,12.0
20200920LTNC0,20200920,LT,NC,B,35.0,1.0,2.0,8.0,1.0,0.0,1.0,0.0,3.0,9.0,1.0,1.0,9.0
20200922LTKT0,20200922,LT,KT,B,31.0,8.0,8.0,10.0,0.0,0.0,2.0,1.0,5.0,5.0,2.0,1.0,4.0
20200923LTKT0,20200923,LT,KT,B,33.0,4.0,5.0,9.0,1.0,0.0,1.0,0.0,8.0,7.0,3.0,2.0,9.0
20200721NCSS0,20200721,NC,SS,B,38.0,6.0,6.0,13.0,3.0,0.0,3.0,0.0,3.0,7.0,0.0,0.0,8.0
20200724NCKT0,20200724,NC,KT,T,32.0,3.0,3.0,7.0,2.0,0.0,1.0,1.0,3.0,11.0,0.0,2.0,7.0
20200725NCKT0,20200725,NC,KT,T,31.0,2.0,2.0,6.0,0.0,0.0,0.0,0.0,4.0,3.0,0.0,0.0,7.0
20200726NCKT0,20200726,NC,KT,T,32.0,4.0,4.0,7.0,1.0,0.0,2.0,1.0,1.0,7.0,1.0,3.0,3.0
20200728NCLT0,20200728,NC,LT,T,42.0,8.0,9.0,17.0,3.0,0.0,2.0,2.0,4.0,7.0,1.0,0.0,10.0
20200731NCOB0,20200731,NC,OB,B,37.0,10.0,10.0,14.0,4.0,0.0,1.0,2.0,5.0,7.0,1.0,1.0,8.0
20200801NCOB0,20200801,NC,OB,B,45.0,10.0,10.0,15.0,4.0,0.0,2.0,2.0,7.0,8.0,0.0,1.0,12.0
20200802NCOB0,20200802,NC,OB,B,42.0,4.0,4.0,8.0,1.0,0.0,2.0,0.0,5.0,10.0,1.0,1.0,7.0
20200805NCHH0,20200805,NC,HH,T,30.0,5.0,5.0,6.0,0.0,1.0,0.0,0.0,11.0,4.0,1.0,2.0,11.0
20200806NCHH0,20200806,NC,HH,T,32.0,4.0,4.0,8.0,1.0,0.0,2.0,0.0,7.0,4.0,1.0,0.0,8.0
20200808NCHT0,20200808,NC,HT,T,31.0,2.0,2.0,6.0,1.0,2.0,0.0,2.0,9.0,6.0,1.0,0.0,11.0
20200809NCHT0,20200809,NC,HT,T,39.0,7.0,8.0,14.0,2.0,1.0,1.0,0.0,6.0,8.0,2.0,1.0,10.0
20200812NCLT0,20200812,NC,LT,T,35.0,4.0,4.0,9.0,1.0,0.0,0.0,0.0,5.0,8.0,0.0,0.0,10.0
20200813NCLT0,20200813,NC,LT,T,39.0,8.0,9.0,14.0,1.0,0.0,1.0,0.0,4.0,7.0,1.0,1.0,7.0
20200814NCLG0,20200814,NC,LG,B,36.0,4.0,4.0,8.0,3.0,0.0,0.0,1.0,4.0,13.0,0.0,0.0,9.0
20200815NCLG0,20200815,NC,LG,B,34.0,4.0,4.0,10.0,0.0,0.0,2.0,0.0,3.0,13.0,1.0,0.0,7.0
20200816NCLG0,20200816,NC,LG,B,34.0,5.0,5.0,9.0,5.0,0.0,0.0,0.0,3.0,6.0,2.0,1.0,5.0
20200818NCWO0,20200818,NC,WO,B,27.0,5.0,5.0,7.0,3.0,0.0,1.0,0.0,3.0,4.0,1.0,0.0,3.0
20200819NCWO0,20200819,NC,WO,B,36.0,4.0,4.0,7.0,1.0,0.0,1.0,0.0,4.0,7.0,0.0,1.0,9.0
20200820NCHT0,20200820,NC,HT,T,45.0,13.0,14.0,21.0,3.0,0.0,1.0,3.0,3.0,6.0,0.0,1.0,10.0
20200821NCHT0,20200821,NC,HT,T,38.0,7.0,10.0,10.0,5.0,0.0,1.0,0.0,4.0,10.0,0.0,0.0,6.0
20200823NCKT0,20200823,NC,KT,T,35.0,1.0,1.0,9.0,2.0,0.0,0.0,0.0,5.0,7.0,1.0,0.0,12.0
20200824NCKT0,20200824,NC,KT,T,34.0,1.0,1.0,8.0,0.0,0.0,0.0,1.0,3.0,4.0,1.0,0.0,9.0
20200825NCHH0,20200825,NC,HH,B,38.0,11.0,11.0,15.0,3.0,0.0,6.0,1.0,2.0,7.0,0.0,0.0,5.0
20200826NCHH0,20200826,NC,HH,B,36.0,9.0,9.0,11.0,2.0,0.0,2.0,1.0,4.0,6.0,1.0,2.0,7.0
20200827NCOB0,20200827,NC,OB,B,35.0,7.0,8.0,13.0,2.0,1.0,1.0,0.0,5.0,9.0,1.0,0.0,8.0
20200828NCOB0,20200828,NC,OB,B,35.0,3.0,4.0,10.0,1.0,1.0,1.0,0.0,4.0,4.0,1.0,1.0,8.0
20200829NCSK0,20200829,NC,SK,B,35.0,8.0,9.0,14.0,3.0,0.0,2.0,1.0,4.0,4.0,1.0,0.0,6.0
20200830NCSK0,20200830,NC,SK,B,28.0,6.0,7.0,7.0,2.0,1.0,0.0,0.0,8.0,5.0,0.0,0.0,7.0
20200901NCWO0,20200901,NC,WO,T,32.0,5.0,5.0,10.0,2.0,0.0,1.0,0.0,4.0,10.0,1.0,0.0,6.0
20200902NCWO0,20200902,NC,WO,T,34.0,4.0,4.0,9.0,3.0,0.0,1.0,0.0,4.0,5.0,2.0,1.0,7.0
20200903NCLG0,20200903,NC,LG,T,40.0,4.0,5.0,16.0,2.0,0.0,0.0,3.0,3.0,11.0,2.0,2.0,11.0
20200904NCLG0,20200904,NC,LG,T,46.0,5.0,5.0,13.0,1.0,0.0,0.0,3.0,7.0,15.0,0.0,2.0,14.0
20200906NCSS0,20200906,NC,SS,T,31.0,3.0,3.0,5.0,0.0,0.0,1.0,0.0,2.0,10.0,1.0,0.0,3.0
20200908NCLT0,20200908,NC,LT,B,42.0,14.0,14.0,17.0,5.0,0.0,0.0,0.0,4.0,6.0,0.0,0.0,8.0
20200909NCLT0,20200909,NC,LT,B,42.0,5.0,5.0,11.0,4.0,1.0,1.0,1.0,5.0,9.0,1.0,0.0,12.0
20200910NCKT0,20200910,NC,KT,B,36.0,12.0,13.0,13.0,3.0,0.0,3.0,0.0,9.0,4.0,0.0,0.0,9.0
20200911NCKT0,20200911,NC,KT,B,37.0,8.0,9.0,13.0,4.0,0.0,3.0,2.0,3.0,7.0,0.0,0.0,7.0
20200912NCHT0,20200912,NC,HT,B,32.0,3.0,3.0,6.0,1.0,0.0,1.0,1.0,3.0,7.0,0.0,1.0,5.0
20200913NCHT0,20200913,NC,HT,B,32.0,3.0,3.0,8.0,0.0,0.0,0.0,3.0,6.0,6.0,0.0,2.0,11.0
20200915NCOB0,20200915,NC,OB,T,33.0,2.0,3.0,6.0,1.0,1.0,0.0,2.0,4.0,5.0,0.0,1.0,7.0
20200916NCOB0,20200916,NC,OB,T,34.0,4.0,5.0,8.0,1.0,0.0,2.0,2.0,4.0,10.0,0.0,0.0,7.0
20200917NCSK0,20200917,NC,SK,T,34.0,3.0,3.0,9.0,1.0,0.0,2.0,1.0,3.0,6.0,1.0,0.0,8.0
20200918NCSK0,20200918,NC,SK,T,31.0,9.0,9.0,8.0,0.0,1.0,1.0,1.0,7.0,6.0,0.0,0.0,4.0
20200919NCLT0,20200919,NC,LT,T,34.0,1.0,1.0,10.0,0.0,0.0,1.0,1.0,2.0,7.0,2.0,0.0,8.0
20200920NCLT1,20200920,NC,LT,T,37.0,6.0,6.0,13.0,0.0,0.0,2.0,1.0,4.0,8.0,0.0,0.0,10.0
20200920NCLT0,20200920,NC,LT,T,35.0,5.0,7.0,10.0,1.0,1.0,0.0,2.0,2.0,6.0,1.0,1.0,5.0
20200922NCSS0,20200922,NC,SS,B,30.0,2.0,3.0,6.0,1.0,0.0,0.0,1.0,6.0,4.0,1.0,0.0,9.0
20200923NCSS0,20200923,NC,SS,B,30.0,8.0,8.0,10.0,1.0,0.0,1.0,0.0,5.0,7.0,2.0,1.0,4.0
20200721OBWO0,20200721,OB,WO,B,31.0,6.0,6.0,7.0,2.0,1.0,1.0,2.0,1.0,6.0,0.0,0.0,2.0
20200724OBLG0,20200724,OB,LG,B,31.0,1.0,1.0,8.0,3.0,0.0,0.0,1.0,4.0,4.0,2.0,1.0,7.0
20200725OBLG0,20200725,OB,LG,B,31.0,7.0,7.0,10.0,4.0,0.0,1.0,0.0,2.0,6.0,0.0,1.0,3.0
20200726OBLG0,20200726,OB,LG,B,32.0,3.0,3.0,8.0,2.0,0.0,1.0,0.0,7.0,5.0,1.0,2.0,10.0
20200728OBWO0,20200728,OB,WO,B,36.0,2.0,2.0,9.0,2.0,0.0,1.0,0.0,2.0,4.0,0.0,1.0,9.0
20200730OBWO0,20200730,OB,WO,B,36.0,5.0,5.0,10.0,0.0,0.0,2.0,2.0,4.0,8.0,0.0,0.0,9.0
20200731OBNC0,20200731,OB,NC,T,39.0,7.0,7.0,14.0,2.0,0.0,1.0,2.0,4.0,8.0,1.0,0.0,10.0
20200801OBNC0,20200801,OB,NC,T,45.0,12.0,12.0,17.0,2.0,1.0,0.0,2.0,4.0,9.0,1.0,1.0,9.0
20200802OBNC0,20200802,OB,NC,T,48.0,7.0,7.0,15.0,5.0,0.0,0.0,2.0,2.0,8.0,2.0,0.0,8.0
20200804OBSS0,20200804,OB,SS,B,36.0,3.0,3.0,9.0,1.0,0.0,1.0,0.0,1.0,4.0,0.0,0.0,7.0
20200805OBSS0,20200805,OB,SS,B,28.0,2.0,2.0,4.0,0.0,0.0,0.0,1.0,4.0,4.0,0.0,1.0,6.0
20200806OBSS0,20200806,OB,SS,B,31.0,5.0,5.0,7.0,1.0,1.0,0.0,0.0,4.0,7.0,0.0,0.0,7.0
20200807OBLT0,20200807,OB,LT,B,35.0,4.0,4.0,11.0,1.0,0.0,0.0,2.0,1.0,2.0,1.0,2.0,7.0
20200808OBLT0,20200808,OB,LT,B,16.0,1.0,1.0,3.0,0.0,0.0,1.0,0.0,0.0,0.0,2.0,0.0,0.0
20200811OBSS0,20200811,OB,SS,T,33.0,6.0,6.0,9.0,1.0,0.0,1.0,0.0,6.0,4.0,2.0,0.0,6.0
20200812OBSS0,20200812,OB,SS,T,45.0,14.0,15.0,24.0,2.0,0.0,2.0,0.0,3.0,2.0,3.0,1.0,8.0
20200813OBSS0,20200813,OB,SS,T,28.0,2.0,2.0,4.0,0.0,0.0,1.0,1.0,9.0,11.0,1.0,0.0,10.0
20200814OBKT0,20200814,OB,KT,B,45.0,3.0,3.0,10.0,0.0,0.0,2.0,2.0,8.0,9.0,1.0,1.0,14.0
20200815OBKT0,20200815,OB,KT,B,38.0,7.0,7.0,13.0,1.0,0.0,1.0,3.0,3.0,3.0,1.0,1.0,8.0
20200816OBKT0,20200816,OB,KT,B,28.0,1.0,1.0,3.0,1.0,0.0,0.0,1.0,7.0,6.0,2.0,1.0,7.0
20200818OBLT0,20200818,OB,LT,T,43.0,7.0,9.0,16.0,2.0,0.0,0.0,1.0,5.0,10.0,0.0,1.0,14.0
20200819OBLT0,20200819,OB,LT,T,28.0,3.0,3.0,6.0,0.0,0.0,1.0,0.0,5.0,6.0,3.0,1.0,3.0
20200820OBLT0,20200820,OB,LT,B,40.0,5.0,5.0,14.0,4.0,0.0,0.0,0.0,3.0,10.0,1.0,0.0,11.0
20200821OBLT0,20200821,OB,LT,B,31.0,1.0,1.0,5.0,0.0,0.0,0.0,0.0,4.0,6.0,0.0,2.0,9.0
20200822OBSK0,20200822,OB,SK,T,39.0,6.0,8.0,12.0,1.0,0.0,2.0,2.0,5.0,9.0,0.0,0.0,9.0
20200823OBSK0,20200823,OB,SK,T,35.0,8.0,8.0,9.0,0.0,0.0,3.0,3.0,9.0,4.0,0.0,0.0,10.0
20200825OBHT0,20200825,OB,HT,B,37.0,10.0,10.0,15.0,1.0,0.0,3.0,0.0,5.0,2.0,1.0,1.0,9.0
20200826OBHT0,20200826,OB,HT,B,35.0,5.0,5.0,11.0,1.0,0.0,1.0,0.0,6.0,8.0,1.0,0.0,11.0
20200827OBNC0,20200827,OB,NC,T,37.0,2.0,2.0,13.0,6.0,0.0,0.0,0.0,2.0,4.0,1.0,1.0,10.0
20200828OBNC0,20200828,OB,NC,T,46.0,11.0,11.0,18.0,1.0,0.0,4.0,0.0,6.0,4.0,0.0,0.0,14.0
20200829OBLG0,20200829,OB,LG,T,35.0,5.0,5.0,11.0,3.0,0.0,1.0,2.0,3.0,3.0,0.0,0.0,6.0
20200830OBLG0,20200830,OB,LG,T,31.0,1.0,1.0,7.0,1.0,0.0,0.0,0.0,1.0,5.0,2.0,1.0,4.0
20200901OBHH0,20200901,OB,HH,B,33.0,4.0,4.0,10.0,2.0,0.0,0.0,1.0,2.0,5.0,1.0,0.0,8.0
20200903OBSS0,20200903,OB,SS,T,38.0,8.0,10.0,10.0,3.0,1.0,3.0,1.0,3.0,4.0,1.0,3.0,4.0
20200904OBSS0,20200904,OB,SS,T,32.0,4.0,5.0,8.0,1.0,0.0,0.0,0.0,5.0,12.0,2.0,1.0,6.0
20200905OBSK0,20200905,OB,SK,B,29.0,5.0,5.0,6.0,1.0,0.0,0.0,0.0,9.0,5.0,0.0,0.0,9.0
20200906OBSK0,20200906,OB,SK,B,38.0,10.0,10.0,14.0,2.0,0.0,2.0,0.0,5.0,3.0,0.0,1.0,9.0
20200908OBKT0,20200908,OB,KT,B,36.0,6.0,8.0,12.0,7.0,0.0,1.0,0.0,3.0,5.0,0.0,1.0,7.0
20200909OBKT0,20200909,OB,KT,B,41.0,2.0,2.0,10.0,2.0,0.0,0.0,1.0,3.0,6.0,0.0,2.0,11.0
20200910OBHT0,20200910,OB,HT,T,36.0,5.0,5.0,9.0,0.0,0.0,0.0,2.0,6.0,9.0,0.0,0.0,10.0
20200912OBWO0,20200912,OB,WO,T,29.0,0.0,0.0,4.0,1.0,0.0,0.0,0.0,2.0,8.0,2.0,0.0,4.0
20200913OBWO0,20200913,OB,WO,T,48.0,6.0,6.0,15.0,2.0,0.0,0.0,0.0,7.0,7.0,0.0,0.0,14.0
20200915OBNC0,20200915,OB,NC,B,30.0,6.0,7.0,8.0,3.0,0.0,0.0,0.0,4.0,3.0,0.0,1.0,4.0
20200916OBNC0,20200916,OB,NC,B,32.0,3.0,3.0,7.0,1.0,0.0,0.0,0.0,1.0,6.0,1.0,1.0,3.0
20200917OBKT0,20200917,OB,KT,T,33.0,0.0,0.0,6.0,0.0,0.0,0.0,0.0,0.0,5.0,2.0,0.0,6.0
20200918OBKT0,20200918,OB,KT,T,41.0,4.0,4.0,11.0,1.0,0.0,1.0,0.0,2.0,4.0,1.0,0.0,8.0
20200919OBLG0,20200919,OB,LG,B,36.0,6.0,6.0,10.0,2.0,0.0,2.0,0.0,3.0,8.0,1.0,1.0,6.0
20200920OBLG0,20200920,OB,LG,B,31.0,6.0,6.0,9.0,1.0,0.0,1.0,1.0,14.0,6.0,3.0,0.0,13.0
20200922OBHH0,20200922,OB,HH,T,29.0,1.0,1.0,6.0,0.0,0.0,1.0,0.0,4.0,5.0,3.0,0.0,5.0
20200923OBHH0,20200923,OB,HH,T,37.0,5.0,5.0,11.0,5.0,0.0,0.0,0.0,5.0,6.0,0.0,0.0,11.0
20200721SKLT0,20200721,SK,LT,B,34.0,8.0,8.0,13.0,1.0,0.0,3.0,2.0,4.0,6.0,1.0,0.0,7.0
20200724SKHH0,20200724,SK,HH,T,34.0,7.0,7.0,8.0,1.0,0.0,3.0,1.0,5.0,13.0,0.0,0.0,6.0
20200726SKHH0,20200726,SK,HH,T,35.0,7.0,7.0,10.0,2.0,0.0,0.0,1.0,7.0,5.0,1.0,0.0,8.0
20200727SKHH0,20200727,SK,HH,T,32.0,5.0,5.0,10.0,3.0,0.0,1.0,1.0,4.0,5.0,3.0,1.0,5.0
20200728SKLG0,20200728,SK,LG,B,34.0,7.0,7.0,8.0,3.0,0.0,2.0,0.0,7.0,10.0,1.0,0.0,7.0
20200729SKLG0,20200729,SK,LG,B,40.0,6.0,6.0,14.0,1.0,0.0,4.0,2.0,4.0,5.0,0.0,1.0,11.0
20200730SKLG0,20200730,SK,LG,B,30.0,1.0,1.0,4.0,3.0,0.0,0.0,0.0,4.0,8.0,0.0,0.0,6.0
20200731SKKT0,20200731,SK,KT,T,31.0,1.0,1.0,4.0,0.0,0.0,1.0,0.0,5.0,5.0,1.0,0.0,8.0
20200801SKKT0,20200801,SK,KT,T,32.0,0.0,0.0,6.0,1.0,0.0,0.0,0.0,2.0,5.0,1.0,1.0,7.0
20200804SKLT0,20200804,SK,LT,B,31.0,0.0,0.0,6.0,1.0,0.0,0.0,0.0,2.0,6.0,1.0,0.0,6.0
20200806SKLT0,20200806,SK,LT,B,33.0,2.0,2.0,8.0,1.0,0.0,1.0,0.0,1.0,8.0,1.0,1.0,6.0
20200807SKSS0,20200807,SK,SS,B,32.0,0.0,0.0,4.0,1.0,0.0,0.0,0.0,2.0,7.0,0.0,1.0,7.0
20200808SKSS0,20200808,SK,SS,B,19.0,2.0,4.0,3.0,2.0,1.0,0.0,0.0,3.0,0.0,0.0,1.0,3.0
20200811SKKT0,20200811,SK,KT,T,30.0,0.0,1.0,4.0,0.0,0.0,0.0,0.0,4.0,8.0,2.0,0.0,6.0
20200812SKKT0,20200812,SK,KT,T,36.0,11.0,11.0,12.0,3.0,0.0,1.0,1.0,10.0,5.0,1.0,1.0,8.0
20200813SKKT0,20200813,SK,KT,T,41.0,10.0,10.0,16.0,1.0,0.0,1.0,0.0,4.0,5.0,0.0,0.0,10.0
20200814SKHT0,20200814,SK,HT,T,31.0,6.0,6.0,12.0,1.0,0.0,0.0,3.0,9.0,6.0,2.0,1.0,10.0
20200815SKHT0,20200815,SK,HT,T,33.0,3.0,3.0,9.0,2.0,0.0,0.0,0.0,3.0,1.0,2.0,0.0,6.0
20200816SKHT0,20200816,SK,HT,T,34.0,5.0,5.0,7.0,2.0,0.0,0.0,0.0,7.0,13.0,0.0,0.0,9.0
20200818SKHH0,20200818,SK,HH,B,31.0,8.0,9.0,8.0,2.0,0.0,2.0,0.0,7.0,4.0,0.0,0.0,7.0
20200819SKHH0,20200819,SK,HH,B,46.0,26.0,26.0,22.0,4.0,0.0,6.0,0.0,11.0,4.0,0.0,2.0,7.0
20200820SKSS0,20200820,SK,SS,B,35.0,3.0,3.0,11.0,0.0,0.0,2.0,0.0,4.0,6.0,2.0,3.0,10.0
20200821SKSS0,20200821,SK,SS,B,32.0,8.0,8.0,12.0,2.0,0.0,0.0,0.0,8.0,2.0,0.0,2.0,11.0
20200822SKOB0,20200822,SK,OB,B,36.0,1.0,1.0,9.0,2.0,0.0,1.0,0.0,5.0,7.0,0.0,1.0,13.0
20200823SKOB0,20200823,SK,OB,B,34.0,1.0,1.0,9.0,1.0,1.0,0.0,0.0,5.0,7.0,0.0,1.0,12.0
20200825SKLT0,20200825,SK,LT,T,37.0,10.0,10.0,11.0,3.0,0.0,2.0,1.0,9.0,3.0,1.0,2.0,9.0
20200826SKLT0,20200826,SK,LT,T,29.0,1.0,1.0,4.0,0.0,0.0,1.0,1.0,2.0,7.0,2.0,0.0,3.0
20200827SKHT0,20200827,SK,HT,B,36.0,10.0,10.0,14.0,4.0,0.0,2.0,1.0,3.0,6.0,0.0,0.0,8.0
20200828SKHT0,20200828,SK,HT,B,33.0,7.0,8.0,11.0,2.0,2.0,1.0,0.0,9.0,10.0,2.0,1.0,9.0
20200829SKNC0,20200829,SK,NC,T,35.0,5.0,5.0,9.0,0.0,0.0,2.0,0.0,2.0,5.0,1.0,2.0,5.0
20200830SKNC0,20200830,SK,NC,T,33.0,4.0,4.0,7.0,1.0,0.0,3.0,0.0,3.0,7.0,0.0,1.0,6.0
20200901SKLG0,20200901,SK,LG,B,35.0,5.0,5.0,10.0,0.0,0.0,0.0,1.0,6.0,8.0,1.0,2.0,10.0
20200903SKKT0,20200903,SK,KT,T,32.0,2.0,2.0,8.0,1.0,0.0,0.0,1.0,5.0,2.0,2.0,0.0,8.0
20200904SKKT0,20200904,SK,KT,T,32.0,2.0,2.0,5.0,0.0,0.0,1.0,0.0,3.0,6.0,0.0,1.0,6.0
20200904SKKT1,20200904,SK,KT,T,34.0,5.0,5.0,10.0,2.0,0.0,2.0,0.0,0.0,6.0,0.0,0.0,4.0
20200905SKOB0,20200905,SK,OB,T,30.0,1.0,1.0,5.0,0.0,0.0,1.0,0.0,2.0,7.0,1.0,0.0,4.0
20200906SKOB0,20200906,SK,OB,T,31.0,0.0,0.0,3.0,0.0,0.0,0.0,0.0,2.0,7.0,0.0,1.0,6.0
20200908SKWO0,20200908,SK,WO,B,45.0,12.0,15.0,16.0,4.0,0.0,3.0,0.0,5.0,8.0,0.0,0.0,9.0
20200909SKWO0,20200909,SK,WO,B,35.0,4.0,4.0,9.0,1.0,0.0,2.0,0.0,2.0,3.0,2.0,4.0,6.0
20200910SKHH0,20200910,SK,HH,T,36.0,5.0,5.0,9.0,1.0,0.0,1.0,1.0,5.0,5.0,0.0,0.0,9.0
20200911SKHH0,20200911,SK,HH,T,33.0,3.0,4.0,8.0,3.0,0.0,0.0,0.0,2.0,5.0,0.0,2.0,5.0
20200912SKLT0,20200912,SK,LT,B,29.0,1.0,2.0,5.0,1.0,0.0,0.0,0.0,3.0,2.0,1.0,0.0,6.0
20200913SKLT0,20200913,SK,LT,B,27.0,3.0,3.0,4.0,0.0,0.0,2.0,1.0,2.0,5.0,1.0,0.0,2.0
20200915SKHT0,20200915,SK,HT,T,40.0,16.0,16.0,17.0,1.0,0.0,2.0,3.0,10.0,5.0,3.0,0.0,9.0
20200916SKHT0,20200916,SK,HT,T,37.0,6.0,7.0,11.0,4.0,0.0,0.0,0.0,8.0,5.0,1.0,0.0,11.0
20200917SKNC0,20200917,SK,NC,B,30.0,0.0,0.0,4.0,0.0,0.0,0.0,1.0,2.0,11.0,0.0,0.0,6.0
20200918SKNC0,20200918,SK,NC,B,31.0,5.0,5.0,8.0,2.0,0.0,3.0,0.0,6.0,4.0,1.0,0.0,5.0
20200919SKKT0,20200919,SK,KT,B,30.0,0.0,0.0,3.0,0.0,0.0,0.0,0.0,4.0,6.0,1.0,1.0,7.0
20200920SKKT0,20200920,SK,KT,B,28.0,1.0,2.0,3.0,1.0,0.0,0.0,0.0,3.0,4.0,3.0,2.0,2.0
20200922SKLG0,20200922,SK,LG,T,31.0,2.0,2.0,3.0,0.0,0.0,1.0,1.0,1.0,9.0,0.0,1.0,3.0
20200923SKLG0,20200923,SK,LG,T,33.0,2.0,2.0,8.0,3.0,0.0,0.0,0.0,1.0,10.0,0.0,0.0,7.0
20200721SSNC0,20200721,SS,NC,T,36.0,5.0,5.0,9.0,0.0,0.0,1.0,3.0,4.0,7.0,2.0,0.0,6.0
20200725SSHT0,20200725,SS,HT,T,32.0,2.0,2.0,7.0,1.0,0.0,0.0,1.0,6.0,10.0,0.0,0.0,9.0
20200726SSHT0,20200726,SS,HT,T,36.0,5.0,5.0,12.0,4.0,0.0,1.0,1.0,4.0,4.0,0.0,1.0,11.0
20200729SSHH0,20200729,SS,HH,B,34.0,7.0,7.0,9.0,1.0,0.0,2.0,1.0,10.0,7.0,1.0,3.0,10.0
20200730SSHH0,20200730,SS,HH,B,36.0,1.0,2.0,6.0,2.0,0.0,0.0,3.0,8.0,12.0,0.0,1.0,12.0
20200731SSWO0,20200731,SS,WO,B,35.0,3.0,3.0,8.0,1.0,0.0,0.0,0.0,5.0,5.0,0.0,1.0,10.0
20200801SSWO0,20200801,SS,WO,B,34.0,7.0,7.0,8.0,4.0,0.0,0.0,0.0,6.0,8.0,0.0,1.0,6.0
20200802SSWO0,20200802,SS,WO,B,39.0,2.0,2.0,10.0,1.0,0.0,1.0,1.0,2.0,8.0,0.0,1.0,9.0
20200804SSOB0,20200804,SS,OB,T,34.0,5.0,6.0,7.0,2.0,0.0,1.0,1.0,7.0,10.0,0.0,1.0,8.0
20200805SSOB0,20200805,SS,OB,T,34.0,2.0,2.0,12.0,2.0,0.0,0.0,1.0,4.0,4.0,1.0,3.0,13.0
20200806SSOB0,20200806,SS,OB,T,38.0,2.0,2.0,11.0,0.0,0.0,0.0,3.0,2.0,7.0,0.0,1.0,11.0
20200807SSSK0,20200807,SS,SK,T,29.0,2.0,2.0,6.0,1.0,0.0,1.0,2.0,6.0,7.0,1.0,1.0,7.0
20200808SSSK0,20200808,SS,SK,T,17.0,2.0,2.0,5.0,1.0,0.0,1.0,0.0,1.0,1.0,0.0,1.0,2.0
20200811SSOB0,20200811,SS,OB,B,34.0,1.0,1.0,8.0,0.0,0.0,1.0,0.0,2.0,5.0,1.0,0.0,8.0
20200812SSOB0,20200812,SS,OB,B,42.0,7.0,8.0,16.0,4.0,0.0,2.0,0.0,1.0,6.0,1.0,2.0,8.0
20200813SSOB0,20200813,SS,OB,B,33.0,3.0,3.0,9.0,1.0,0.0,2.0,1.0,5.0,5.0,0.0,1.0,11.0
20200814SSHH0,20200814,SS,HH,T,41.0,10.0,10.0,15.0,4.0,0.0,1.0,2.0,3.0,6.0,1.0,0.0,7.0
20200815SSHH0,20200815,SS,HH,T,29.0,2.0,2.0,3.0,0.0,0.0,1.0,0.0,4.0,11.0,0.0,1.0,5.0
20200816SSHH0,20200816,SS,HH,T,32.0,2.0,2.0,5.0,1.0,0.0,2.0,1.0,2.0,9.0,0.0,1.0,5.0
20200818SSKT0,20200818,SS,KT,B,32.0,2.0,3.0,6.0,3.0,0.0,0.0,0.0,4.0,6.0,1.0,1.0,7.0
20200819SSKT0,20200819,SS,KT,B,34.0,4.0,4.0,11.0,0.0,0.0,0.0,0.0,2.0,7.0,3.0,1.0,7.0
20200820SSSK0,20200820,SS,SK,T,35.0,7.0,8.0,9.0,2.0,0.0,0.0,2.0,6.0,9.0,1.0,0.0,7.0
20200821SSSK0,20200821,SS,SK,T,37.0,6.0,6.0,11.0,1.0,1.0,2.0,0.0,9.0,8.0,1.0,0.0,14.0
20200822SSLT0,20200822,SS,LT,B,35.0,3.0,3.0,10.0,1.0,0.0,0.0,3.0,2.0,5.0,1.0,1.0,8.0
20200823SSLT0,20200823,SS,LT,B,31.0,0.0,0.0,4.0,0.0,0.0,0.0,0.0,4.0,7.0,0.0,1.0,8.0
20200825SSLG0,20200825,SS,LG,B,31.0,4.0,4.0,7.0,1.0,0.0,2.0,0.0,0.0,4.0,0.0,1.0,3.0
20200826SSLG0,20200826,SS,LG,B,35.0,5.0,5.0,9.0,0.0,0.0,1.0,0.0,2.0,6.0,1.0,0.0,5.0
20200827SSHH0,20200827,SS,HH,T,32.0,0.0,0.0,8.0,0.0,0.0,0.0,1.0,1.0,6.0,1.0,0.0,6.0
20200829SSWO0,20200829,SS,WO,T,37.0,5.0,5.0,10.0,2.0,0.0,0.0,1.0,2.0,10.0,0.0,0.0,8.0
20200830SSWO0,20200830,SS,WO,T,34.0,2.0,2.0,10.0,0.0,0.0,0.0,2.0,1.0,5.0,1.0,1.0,8.0
20200901SSHT0,20200901,SS,HT,T,30.0,0.0,0.0,4.0,0.0,0.0,0.0,0.0,1.0,5.0,2.0,1.0,4.0
20200903SSOB0,20200903,SS,OB,B,35.0,11.0,11.0,16.0,5.0,1.0,1.0,1.0,4.0,6.0,2.0,2.0,6.0
20200904SSOB0,20200904,SS,OB,B,37.0,12.0,12.0,16.0,3.0,0.0,2.0,1.0,9.0,3.0,2.0,0.0,12.0
20200906SSNC0,20200906,SS,NC,B,34.0,5.0,5.0,10.0,0.0,0.0,3.0,0.0,3.0,5.0,0.0,0.0,8.0
20200908SSHH0,20200908,SS,HH,B,36.0,2.0,2.0,7.0,1.0,0.0,0.0,2.0,3.0,6.0,0.0,0.0,8.0
20200909SSHH1,20200909,SS,HH,B,31.0,0.0,0.0,3.0,0.0,0.0,0.0,0.0,4.0,4.0,0.0,0.0,8.0
20200909SSHH0,20200909,SS,HH,B,31.0,4.0,4.0,7.0,0.0,0.0,1.0,2.0,4.0,11.0,0.0,3.0,5.0
20200910SSLT0,20200910,SS,LT,T,37.0,7.0,8.0,10.0,5.0,0.0,0.0,0.0,3.0,6.0,0.0,1.0,6.0
20200911SSLT0,20200911,SS,LT,T,36.0,4.0,4.0,8.0,0.0,0.0,2.0,0.0,1.0,9.0,0.0,2.0,7.0
20200912SSLG0,20200912,SS,LG,T,32.0,5.0,5.0,7.0,0.0,1.0,2.0,1.0,4.0,8.0,1.0,0.0,4.0
20200913SSLG0,20200913,SS,LG,T,42.0,9.0,11.0,18.0,1.0,1.0,1.0,2.0,5.0,5.0,0.0,0.0,13.0
20200915SSKT0,20200915,SS,KT,T,37.0,7.0,7.0,14.0,1.0,0.0,1.0,0.0,4.0,1.0,2.0,2.0,8.0
20200916SSKT0,20200916,SS,KT,T,39.0,4.0,6.0,14.0,1.0,0.0,0.0,0.0,6.0,4.0,1.0,0.0,12.0
20200917SSHT0,20200917,SS,HT,B,33.0,2.0,2.0,7.0,0.0,0.0,0.0,0.0,3.0,11.0,0.0,2.0,8.0
20200918SSHT0,20200918,SS,HT,B,35.0,4.0,5.0,9.0,2.0,0.0,0.0,0.0,4.0,9.0,1.0,1.0,8.0
20200919SSWO0,20200919,SS,WO,B,37.0,7.0,7.0,11.0,3.0,0.0,2.0,2.0,3.0,6.0,2.0,0.0,6.0
20200920SSWO0,20200920,SS,WO,B,42.0,12.0,14.0,18.0,0.0,0.0,3.0,1.0,5.0,6.0,1.0,0.0,10.0
20200922SSNC0,20200922,SS,NC,T,33.0,2.0,2.0,6.0,0.0,0.0,0.0,0.0,1.0,11.0,0.0,0.0,5.0
20200923SSNC0,20200923,SS,NC,T,36.0,5.0,7.0,10.0,2.0,1.0,1.0,2.0,2.0,11.0,0.0,0.0,5.0
20200721WOOB0,20200721,WO,OB,T,35.0,1.0,1.0,9.0,1.0,0.0,0.0,0.0,1.0,9.0,0.0,0.0,8.0
20200724WOLT0,20200724,WO,LT,B,31.0,2.0,2.0,6.0,2.0,0.0,1.0,1.0,2.0,12.0,1.0,0.0,5.0
20200725WOLT0,20200725,WO,LT,B,27.0,3.0,3.0,3.0,1.0,0.0,0.0,0.0,7.0,8.0,1.0,1.0,6.0
20200726WOLT0,20200726,WO,LT,B,35.0,8.0,8.0,13.0,4.0,0.0,0.0,0.0,5.0,5.0,1.0,1.0,8.0
20200728WOOB0,20200728,WO,OB,T,34.0,5.0,6.0,8.0,2.0,0.0,1.0,0.0,7.0,6.0,0.0,0.0,10.0
20200730WOOB0,20200730,WO,OB,T,34.0,8.0,8.0,13.0,2.0,0.0,1.0,2.0,4.0,2.0,2.0,0.0,4.0
20200731WOSS0,20200731,WO,SS,T,36.0,9.0,10.0,10.0,2.0,0.0,3.0,1.0,6.0,7.0,1.0,0.0,5.0
20200801WOSS0,20200801,WO,SS,T,48.0,21.0,22.0,23.0,7.0,0.0,1.0,1.0,12.0,6.0,0.0,1.0,13.0
20200802WOSS0,20200802,WO,SS,T,38.0,4.0,4.0,10.0,2.0,0.0,0.0,0.0,2.0,4.0,2.0,1.0,7.0
20200804WOKT0,20200804,WO,KT,B,34.0,2.0,2.0,10.0,0.0,0.0,1.0,0.0,3.0,7.0,2.0,1.0,9.0
20200805WOKT0,20200805,WO,KT,B,40.0,12.0,12.0,15.0,2.0,0.0,1.0,0.0,6.0,7.0,0.0,2.0,10.0
20200806WOKT0,20200806,WO,KT,B,28.0,3.0,3.0,7.0,2.0,0.0,1.0,1.0,5.0,4.0,1.0,1.0,8.0
20200807WOLG0,20200807,WO,LG,B,32.0,2.0,2.0,6.0,2.0,0.0,0.0,0.0,5.0,8.0,0.0,3.0,9.0
20200808WOLG0,20200808,WO,LG,B,32.0,5.0,5.0,9.0,1.0,0.0,1.0,1.0,3.0,7.0,1.0,0.0,6.0
20200809WOLG0,20200809,WO,LG,B,28.0,1.0,2.0,7.0,0.0,0.0,0.0,2.0,4.0,6.0,2.0,0.0,8.0
20200811WOHH0,20200811,WO,HH,B,45.0,5.0,5.0,12.0,1.0,0.0,1.0,2.0,8.0,13.0,0.0,2.0,15.0
20200812WOHH0,20200812,WO,HH,B,30.0,3.0,3.0,9.0,2.0,0.0,1.0,1.0,7.0,3.0,3.0,0.0,8.0
20200813WOHH0,20200813,WO,HH,B,31.0,6.0,6.0,11.0,1.0,1.0,1.0,1.0,3.0,4.0,1.0,0.0,6.0
20200814WOLT0,20200814,WO,LT,T,32.0,1.0,1.0,5.0,2.0,0.0,0.0,0.0,3.0,7.0,1.0,0.0,7.0
20200815WOLT0,20200815,WO,LT,T,34.0,3.0,3.0,9.0,4.0,0.0,0.0,0.0,2.0,4.0,1.0,3.0,6.0
20200816WOLT0,20200816,WO,LT,T,35.0,5.0,6.0,9.0,5.0,0.0,1.0,1.0,5.0,4.0,0.0,1.0,8.0
20200818WONC0,20200818,WO,NC,T,34.0,1.0,1.0,7.0,0.0,0.0,0.0,1.0,1.0,6.0,0.0,0.0,7.0
20200819WONC0,20200819,WO,NC,T,35.0,6.0,6.0,8.0,3.0,0.0,1.0,1.0,5.0,5.0,1.0,3.0,7.0
20200820WOLG0,20200820,WO,LG,B,31.0,6.0,6.0,8.0,2.0,0.0,0.0,2.0,7.0,6.0,1.0,2.0,9.0
20200821WOLG0,20200821,WO,LG,B,33.0,3.0,3.0,6.0,0.0,0.0,1.0,1.0,3.0,6.0,0.0,0.0,6.0
20200822WOHT0,20200822,WO,HT,B,32.0,4.0,4.0,10.0,1.0,0.0,1.0,1.0,5.0,6.0,2.0,1.0,9.0
20200823WOHT0,20200823,WO,HT,B,37.0,5.0,7.0,13.0,2.0,1.0,0.0,1.0,3.0,9.0,1.0,0.0,7.0
20200825WOKT0,20200825,WO,KT,T,36.0,3.0,4.0,10.0,0.0,0.0,0.0,2.0,7.0,6.0,0.0,0.0,13.0
20200826WOKT0,20200826,WO,KT,T,36.0,5.0,5.0,8.0,0.0,1.0,2.0,1.0,3.0,6.0,1.0,1.0,5.0
20200827WOLT0,20200827,WO,LT,T,40.0,11.0,11.0,15.0,5.0,0.0,3.0,2.0,4.0,2.0,2.0,0.0,7.0
20200828WOLT0,20200828,WO,LT,T,36.0,7.0,8.0,11.0,3.0,0.0,2.0,5.0,7.0,7.0,0.0,0.0,9.0
20200829WOSS0,20200829,WO,SS,B,30.0,4.0,4.0,8.0,2.0,0.0,0.0,0.0,3.0,3.0,3.0,1.0,4.0
20200830WOSS0,20200830,WO,SS,B,34.0,3.0,3.0,11.0,1.0,1.0,0.0,3.0,3.0,4.0,1.0,0.0,10.0
20200901WONC0,20200901,WO,NC,B,33.0,2.0,2.0,6.0,2.0,0.0,0.0,0.0,2.0,7.0,0.0,1.0,6.0
20200902WONC0,20200902,WO,NC,B,31.0,6.0,6.0,7.0,2.0,0.0,0.0,1.0,10.0,7.0,0.0,0.0,11.0
20200903WOHH0,20200903,WO,HH,T,34.0,6.0,6.0,9.0,0.0,0.0,1.0,2.0,5.0,8.0,0.0,2.0,7.0
20200904WOHH0,20200904,WO,HH,T,32.0,1.0,1.0,6.0,1.0,0.0,0.0,2.0,4.0,8.0,0.0,1.0,8.0
20200905WOKT0,20200905,WO,KT,B,32.0,1.0,1.0,5.0,1.0,0.0,0.0,0.0,0.0,7.0,0.0,1.0,4.0
20200906WOKT0,20200906,WO,KT,B,34.0,7.0,7.0,9.0,2.0,0.0,2.0,0.0,4.0,10.0,1.0,1.0,4.0
20200908WOSK0,20200908,WO,SK,T,43.0,15.0,16.0,17.0,4.0,0.0,5.0,0.0,6.0,7.0,1.0,4.0,6.0
20200909WOSK0,20200909,WO,SK,T,35.0,10.0,13.0,11.0,2.0,0.0,1.0,3.0,16.0,5.0,3.0,1.0,13.0
20200910WOLG0,20200910,WO,LG,T,32.0,1.0,1.0,6.0,1.0,0.0,1.0,0.0,3.0,7.0,0.0,1.0,8.0
20200911WOLG0,20200911,WO,LG,T,38.0,8.0,8.0,13.0,3.0,1.0,0.0,1.0,2.0,4.0,1.0,0.0,6.0
20200912WOOB0,20200912,WO,OB,B,31.0,2.0,2.0,9.0,2.0,0.0,0.0,0.0,4.0,6.0,0.0,0.0,10.0
20200913WOOB0,20200913,WO,OB,B,49.0,6.0,6.0,13.0,1.0,0.0,0.0,2.0,11.0,15.0,0.0,2.0,18.0
20200915WOLT0,20200915,WO,LT,B,38.0,5.0,5.0,11.0,1.0,0.0,0.0,0.0,8.0,7.0,1.0,0.0,14.0
20200917WOHH0,20200917,WO,HH,B,26.0,5.0,5.0,4.0,2.0,0.0,0.0,0.0,8.0,9.0,1.0,0.0,6.0
20200918WOHH0,20200918,WO,HH,B,31.0,0.0,0.0,4.0,2.0,0.0,0.0,1.0,3.0,9.0,0.0,1.0,7.0
20200919WOSS0,20200919,WO,SS,T,39.0,8.0,8.0,15.0,3.0,0.0,0.0,2.0,3.0,12.0,0.0,1.0,8.0
20200920WOSS0,20200920,WO,SS,T,37.0,6.0,6.0,13.0,2.0,0.0,1.0,0.0,4.0,7.0,3.0,4.0,8.0
20200922WOHT0,20200922,WO,HT,T,32.0,2.0,2.0,5.0,1.0,0.0,0.0,0.0,3.0,3.0,0.0,1.0,6.0
20200923WOHT0,20200923,WO,HT,T,42.0,13.0,13.0,17.0,3.0,2.0,2.0,0.0,5.0,6.0,1.0,0.0,8.0
20200924KTHT0,20200924,KT,HT,B,34.0,2.0,3.0,8.0,2.0,0.0,0.0,0.0,3.0,11.0,0.0,0.0,7.0
20200924HTKT0,20200924,HT,KT,T,40.0,4.0,5.0,16.0,4.0,1.0,0.0,0.0,5.0,3.0,1.0,1.0,14.0
20200924NCLG0,20200924,NC,LG,B,39.0,12.0,12.0,17.0,4.0,0.0,2.0,0.0,5.0,4.0,1.0,0.0,9.0
20200924LGNC0,20200924,LG,NC,T,35.0,8.0,8.0,9.0,1.0,0.0,4.0,1.0,7.0,11.0,1.0,1.0,7.0
20200924HHLT0,20200924,HH,LT,B,36.0,7.0,7.0,15.0,4.0,0.0,1.0,2.0,4.0,8.0,2.0,3.0,10.0
20200924LTHH0,20200924,LT,HH,T,32.0,4.0,4.0,6.0,0.0,0.0,0.0,3.0,5.0,5.0,1.0,3.0,7.0
20200924WOSK0,20200924,WO,SK,B,32.0,6.0,6.0,9.0,1.0,0.0,0.0,2.0,3.0,7.0,0.0,0.0,6.0
20200924SKWO0,20200924,SK,WO,T,29.0,1.0,1.0,6.0,1.0,0.0,0.0,1.0,4.0,8.0,3.0,1.0,5.0
20200924OBSS0,20200924,OB,SS,B,26.0,1.0,1.0,1.0,0.0,0.0,0.0,0.0,6.0,5.0,0.0,1.0,8.0
20200924SSOB0,20200924,SS,OB,T,32.0,0.0,0.0,7.0,1.0,0.0,0.0,1.0,2.0,8.0,2.0,3.0,7.0
20200925KTHT0,20200925,KT,HT,B,31.0,7.0,7.0,12.0,1.0,0.0,2.0,1.0,7.0,1.0,2.0,0.0,9.0
20200925HTKT0,20200925,HT,KT,T,37.0,3.0,3.0,12.0,2.0,0.0,0.0,0.0,3.0,4.0,1.0,0.0,10.0
20200925NCLG0,20200925,NC,LG,B,30.0,7.0,7.0,9.0,2.0,1.0,1.0,2.0,9.0,10.0,1.0,1.0,11.0
20200925LGNC0,20200925,LG,NC,T,33.0,1.0,1.0,7.0,0.0,0.0,1.0,0.0,3.0,7.0,1.0,1.0,8.0
20200925HHLT0,20200925,HH,LT,B,40.0,6.0,6.0,13.0,2.0,0.0,3.0,0.0,7.0,7.0,1.0,0.0,13.0
20200925LTHH0,20200925,LT,HH,T,37.0,5.0,5.0,13.0,0.0,0.0,2.0,0.0,4.0,6.0,3.0,0.0,7.0
20200925WOSK0,20200925,WO,SK,B,45.0,5.0,6.0,17.0,4.0,0.0,0.0,2.0,4.0,11.0,1.0,0.0,11.0
20200925SKWO0,20200925,SK,WO,T,40.0,7.0,8.0,10.0,3.0,0.0,1.0,7.0,7.0,6.0,1.0,1.0,7.0
20200925OBSS0,20200925,OB,SS,B,32.0,3.0,3.0,7.0,1.0,1.0,0.0,0.0,2.0,6.0,0.0,1.0,6.0
20200925SSOB0,20200925,SS,OB,T,31.0,3.0,4.0,7.0,0.0,0.0,1.0,2.0,2.0,7.0,1.0,0.0,3.0
20200926KTLG0,20200926,KT,LG,B,31.0,1.0,1.0,7.0,2.0,0.0,0.0,2.0,4.0,5.0,0.0,0.0,8.0
20200926LGKT0,20200926,LG,KT,T,31.0,3.0,3.0,7.0,1.0,1.0,0.0,1.0,6.0,3.0,1.0,1.0,9.0
20200926HTLT0,20200926,HT,LT,B,34.0,3.0,3.0,8.0,1.0,0.0,0.0,0.0,6.0,7.0,2.0,0.0,10.0
20200926LTHT0,20200926,LT,HT,T,44.0,15.0,16.0,18.0,7.0,0.0,1.0,0.0,5.0,5.0,0.0,1.0,7.0
20200926HHNC0,20200926,HH,NC,B,36.0,1.0,1.0,9.0,2.0,0.0,1.0,0.0,1.0,7.0,0.0,1.0,9.0
20200926NCHH0,20200926,NC,HH,T,42.0,12.0,13.0,16.0,1.0,1.0,2.0,0.0,9.0,7.0,0.0,0.0,11.0
20200926SSSK0,20200926,SS,SK,B,33.0,8.0,8.0,12.0,1.0,0.0,3.0,0.0,4.0,3.0,2.0,0.0,6.0
20200926SKSS0,20200926,SK,SS,T,32.0,2.0,2.0,8.0,0.0,0.0,1.0,0.0,2.0,10.0,0.0,0.0,7.0
20200926OBWO0,20200926,OB,WO,B,31.0,4.0,4.0,9.0,2.0,1.0,0.0,0.0,2.0,3.0,0.0,0.0,7.0
20200926WOOB0,20200926,WO,OB,T,30.0,0.0,0.0,3.0,1.0,0.0,0.0,1.0,2.0,9.0,0.0,0.0,5.0
